id,SlogP,SMR,LabuteASA,TPSA,ExactMW,NumRotatableBonds,NumHBD,NumHBA,NumAmideBonds,NumHeteroAtoms,NumHeavyAtoms,NumAtoms,NumRings,NumAromaticRings,NumSaturatedRings,NumAliphaticRings,NumAromaticHeterocycles,NumSaturatedHeterocycles,NumAliphaticHeterocycles,NumAromaticCarbocycles,NumSaturatedCarbocycles,NumAliphaticCarbocycles
CHEMBL395535,6.18,118.88,168.62,30.49,377.24,7.0,1.0,3.0,0.0,3.0,28.0,59.0,3.0,2.0,0.0,1.0,0.0,0.0,1.0,2.0,0.0,0.0
CHEMBL1200500,4.09,133.02,217.16,106.97,520.22,8.0,1.0,7.0,0.0,8.0,36.0,73.0,4.0,0.0,3.0,4.0,0.0,0.0,0.0,0.0,3.0,4.0
CHEMBL1668087,1.43,130.36,197.49,148.21,484.19,11.0,4.0,7.0,2.0,11.0,34.0,62.0,4.0,3.0,1.0,1.0,1.0,0.0,0.0,2.0,1.0,1.0
CHEMBL230901,4.4,126.45,190.89,49.77,431.25,2.0,1.0,4.0,0.0,4.0,32.0,65.0,5.0,1.0,2.0,4.0,0.0,0.0,1.0,1.0,2.0,3.0
CHEMBL1668086,3.35,131.44,194.36,105.12,469.21,10.0,3.0,6.0,1.0,9.0,33.0,64.0,4.0,3.0,1.0,1.0,1.0,0.0,0.0,2.0,1.0,1.0
CHEMBL1200545,2.99,119.32,202.46,106.97,494.21,6.0,1.0,7.0,0.0,9.0,35.0,67.0,4.0,0.0,3.0,4.0,0.0,0.0,0.0,0.0,3.0,4.0
CHEMBL365546,4.66,100.99,158.53,36.28,368.19,1.0,0.0,4.0,0.0,5.0,27.0,52.0,5.0,2.0,2.0,3.0,1.0,1.0,1.0,1.0,1.0,2.0
CHEMBL397919,6.83,138.26,202.02,83.31,474.16,3.0,3.0,7.0,0.0,7.0,34.0,60.0,5.0,3.0,0.0,2.0,1.0,0.0,2.0,2.0,0.0,0.0
CHEMBL193482,2.58,80.12,125.18,60.69,288.17,0.0,3.0,3.0,0.0,3.0,21.0,45.0,4.0,1.0,2.0,3.0,0.0,0.0,0.0,1.0,2.0,3.0
CHEMBL236406,5.82,100.98,162.71,29.46,398.19,9.0,1.0,2.0,0.0,6.0,28.0,54.0,2.0,2.0,0.0,0.0,0.0,0.0,0.0,2.0,0.0,0.0
CHEMBL1255080,4.91,101.4,165.09,58.14,410.16,7.0,2.0,3.0,0.0,8.0,29.0,51.0,3.0,3.0,0.0,0.0,2.0,0.0,0.0,1.0,0.0,0.0
CHEMBL366182,4.03,121.17,186.82,88.52,430.19,8.0,2.0,5.0,1.0,6.0,32.0,58.0,4.0,3.0,0.0,1.0,1.0,0.0,1.0,2.0,0.0,0.0
CHEMBL1159650,4.1,117.74,192.96,80.67,466.19,5.0,1.0,5.0,0.0,7.0,32.0,64.0,4.0,0.0,3.0,4.0,0.0,0.0,0.0,0.0,3.0,4.0
CHEMBL1257342,5.76,109.15,171.53,52.49,421.17,7.0,3.0,3.0,0.0,7.0,30.0,53.0,3.0,3.0,0.0,0.0,0.0,0.0,0.0,3.0,0.0,0.0
CHEMBL1257343,5.46,111.83,177.43,54.38,436.18,8.0,2.0,4.0,0.0,8.0,31.0,55.0,3.0,3.0,0.0,0.0,1.0,0.0,0.0,2.0,0.0,0.0
CHEMBL396784,6.44,151.32,238.44,49.77,561.25,3.0,1.0,4.0,0.0,7.0,41.0,75.0,6.0,2.0,2.0,4.0,0.0,0.0,1.0,2.0,2.0,3.0
CHEMBL550082,3.76,153.62,235.21,98.66,566.26,10.0,4.0,6.0,0.0,9.0,38.0,81.0,4.0,0.0,3.0,4.0,0.0,0.0,0.0,0.0,3.0,4.0
CHEMBL1682428,5.35,115.24,165.07,71.84,371.2,2.0,3.0,3.0,0.0,4.0,28.0,53.0,4.0,3.0,0.0,1.0,1.0,0.0,1.0,2.0,0.0,0.0
CHEMBL2022858,3.46,128.02,204.03,95.58,480.24,3.0,3.0,6.0,0.0,7.0,35.0,68.0,6.0,2.0,3.0,4.0,1.0,0.0,0.0,1.0,3.0,4.0
CHEMBL267431,5.43,127.7,196.09,68.12,449.26,5.0,1.0,5.0,0.0,5.0,33.0,68.0,5.0,1.0,2.0,4.0,0.0,0.0,0.0,1.0,2.0,4.0
CHEMBL1082837,5.54,116.92,187.27,63.99,477.11,6.0,1.0,4.0,0.0,10.0,33.0,52.0,4.0,4.0,0.0,0.0,1.0,0.0,0.0,3.0,0.0,0.0
CHEMBL1094208,6.27,106.54,177.63,38.05,454.03,4.0,1.0,3.0,0.0,9.0,30.0,42.0,4.0,4.0,0.0,0.0,1.0,0.0,0.0,3.0,0.0,0.0
CHEMBL1094209,5.01,99.33,166.54,50.94,421.06,4.0,1.0,4.0,0.0,9.0,29.0,41.0,4.0,4.0,0.0,0.0,2.0,0.0,0.0,2.0,0.0,0.0
CHEMBL1085381,5.78,121.49,193.63,63.99,491.13,7.0,1.0,4.0,0.0,10.0,34.0,55.0,4.0,4.0,0.0,0.0,1.0,0.0,0.0,3.0,0.0,0.0
CHEMBL1085380,5.54,116.95,187.27,63.99,477.11,7.0,1.0,4.0,0.0,10.0,33.0,52.0,4.0,4.0,0.0,0.0,1.0,0.0,0.0,3.0,0.0,0.0
CHEMBL1094206,5.1,96.48,161.19,38.05,404.09,4.0,1.0,3.0,0.0,8.0,29.0,42.0,4.0,4.0,0.0,0.0,1.0,0.0,0.0,3.0,0.0,0.0
CHEMBL1094207,5.62,101.53,167.32,38.05,420.07,4.0,1.0,3.0,0.0,8.0,29.0,42.0,4.0,4.0,0.0,0.0,1.0,0.0,0.0,3.0,0.0,0.0
CHEMBL232223,5.73,151.05,225.94,49.77,507.28,2.0,1.0,4.0,0.0,4.0,38.0,75.0,6.0,2.0,2.0,4.0,0.0,0.0,1.0,2.0,2.0,3.0
CHEMBL193986,4.27,96.39,152.16,36.28,354.17,1.0,0.0,4.0,0.0,5.0,26.0,49.0,5.0,2.0,2.0,3.0,1.0,1.0,1.0,1.0,1.0,2.0
CHEMBL197552,5.79,140.88,210.29,75.63,479.21,8.0,2.0,4.0,1.0,5.0,36.0,65.0,5.0,4.0,0.0,1.0,0.0,0.0,1.0,4.0,0.0,0.0
CHEMBL1762211,4.68,105.92,164.5,69.64,405.11,2.0,3.0,4.0,0.0,8.0,28.0,46.0,4.0,3.0,0.0,1.0,1.0,0.0,1.0,2.0,0.0,0.0
CHEMBL1762210,4.73,110.26,166.93,69.64,399.18,3.0,3.0,4.0,0.0,7.0,29.0,52.0,4.0,3.0,0.0,1.0,1.0,0.0,1.0,2.0,0.0,0.0
CHEMBL194804,5.5,133.87,199.92,92.43,462.25,8.0,2.0,5.0,1.0,6.0,34.0,68.0,4.0,3.0,1.0,1.0,1.0,0.0,0.0,2.0,1.0,1.0
CHEMBL194802,5.21,126.04,198.69,95.86,469.23,8.0,3.0,5.0,1.0,7.0,34.0,66.0,4.0,2.0,1.0,2.0,0.0,0.0,1.0,2.0,1.0,1.0
CHEMBL397239,5.7,146.23,227.91,49.77,529.24,2.0,1.0,4.0,0.0,6.0,39.0,72.0,6.0,2.0,2.0,4.0,0.0,0.0,1.0,2.0,2.0,3.0
CHEMBL549364,4.54,118.37,183.87,55.76,418.21,2.0,1.0,4.0,0.0,4.0,31.0,61.0,5.0,1.0,2.0,4.0,0.0,1.0,1.0,1.0,1.0,3.0
CHEMBL470152,3.71,88.66,132.43,40.46,296.18,1.0,2.0,2.0,0.0,2.0,22.0,46.0,3.0,1.0,1.0,2.0,0.0,0.0,0.0,1.0,1.0,2.0
CHEMBL1940556,5.48,146.24,225.64,87.49,535.19,5.0,2.0,7.0,0.0,7.0,37.0,70.0,6.0,2.0,3.0,4.0,1.0,0.0,0.0,1.0,3.0,4.0
CHEMBL1940557,1.8,99.6,159.71,94.83,374.21,2.0,3.0,5.0,0.0,5.0,27.0,57.0,4.0,0.0,3.0,4.0,0.0,0.0,0.0,0.0,3.0,4.0
CHEMBL1940554,3.63,132.58,208.06,116.17,493.2,4.0,3.0,7.0,0.0,8.0,35.0,66.0,6.0,2.0,3.0,4.0,2.0,0.0,0.0,0.0,3.0,4.0
CHEMBL1940555,4.73,144.09,221.78,92.42,520.24,5.0,2.0,7.0,0.0,7.0,37.0,73.0,6.0,2.0,3.0,4.0,1.0,0.0,0.0,1.0,3.0,4.0
CHEMBL1940552,3.75,122.92,192.95,87.49,453.2,4.0,2.0,6.0,0.0,6.0,32.0,63.0,5.0,1.0,3.0,4.0,1.0,0.0,0.0,0.0,3.0,4.0
CHEMBL244972,5.56,146.28,223.74,49.77,511.25,2.0,1.0,4.0,0.0,5.0,38.0,72.0,6.0,2.0,2.0,4.0,0.0,0.0,1.0,2.0,2.0,3.0
CHEMBL1940550,4.5,132.7,208.42,100.63,493.19,4.0,2.0,7.0,0.0,7.0,35.0,66.0,6.0,2.0,3.0,4.0,1.0,0.0,0.0,1.0,3.0,4.0
CHEMBL1940551,3.89,130.49,207.64,113.52,494.19,4.0,2.0,8.0,0.0,8.0,35.0,65.0,6.0,2.0,3.0,4.0,2.0,0.0,0.0,0.0,3.0,4.0
CHEMBL503848,3.96,134.22,217.45,112.93,517.28,6.0,3.0,6.0,1.0,8.0,37.0,77.0,5.0,0.0,4.0,5.0,0.0,0.0,0.0,0.0,4.0,5.0
CHEMBL235536,5.05,98.3,161.46,38.69,400.17,8.0,1.0,3.0,0.0,7.0,28.0,52.0,2.0,2.0,0.0,0.0,0.0,0.0,0.0,2.0,0.0,0.0
CHEMBL525273,2.19,128.82,215.0,139.23,521.24,8.0,3.0,8.0,1.0,10.0,37.0,73.0,4.0,0.0,3.0,4.0,0.0,0.0,0.0,0.0,3.0,4.0
CHEMBL233243,4.38,98.25,150.39,61.96,382.03,5.0,2.0,2.0,0.0,7.0,24.0,40.0,3.0,3.0,0.0,0.0,1.0,0.0,0.0,2.0,0.0,0.0
CHEMBL233241,4.38,98.25,150.39,61.96,382.03,5.0,2.0,2.0,0.0,7.0,24.0,40.0,3.0,3.0,0.0,0.0,1.0,0.0,0.0,2.0,0.0,0.0
CHEMBL1098849,5.27,101.26,163.39,38.05,400.12,4.0,1.0,3.0,0.0,7.0,29.0,45.0,4.0,4.0,0.0,0.0,1.0,0.0,0.0,3.0,0.0,0.0
CHEMBL395716,6.77,134.98,197.49,59.95,461.17,4.0,2.0,6.0,0.0,6.0,33.0,60.0,5.0,3.0,0.0,2.0,1.0,0.0,2.0,2.0,0.0,0.0
CHEMBL395717,6.5,128.98,190.41,74.51,442.14,2.0,2.0,6.0,0.0,6.0,32.0,54.0,5.0,3.0,0.0,2.0,1.0,0.0,2.0,2.0,0.0,0.0
CHEMBL233249,5.56,146.28,223.74,49.77,511.25,2.0,1.0,4.0,0.0,5.0,38.0,72.0,6.0,2.0,2.0,4.0,0.0,0.0,1.0,2.0,2.0,3.0
CHEMBL1682431,5.47,105.61,152.58,48.05,354.15,1.0,3.0,2.0,0.0,4.0,25.0,48.0,4.0,3.0,0.0,1.0,1.0,0.0,1.0,2.0,0.0,0.0
CHEMBL1682436,5.3,100.83,150.38,48.05,358.12,1.0,3.0,2.0,0.0,5.0,25.0,45.0,4.0,3.0,0.0,1.0,1.0,0.0,1.0,2.0,0.0,0.0
CHEMBL1682437,4.78,95.77,144.24,48.05,342.15,1.0,3.0,2.0,0.0,5.0,25.0,45.0,4.0,3.0,0.0,1.0,1.0,0.0,1.0,2.0,0.0,0.0
CHEMBL228878,6.32,118.95,168.62,30.49,377.24,7.0,1.0,3.0,0.0,3.0,28.0,59.0,3.0,2.0,0.0,1.0,0.0,0.0,1.0,2.0,0.0,0.0
CHEMBL539699,3.07,252.05,389.93,211.95,939.45,25.0,7.0,13.0,3.0,19.0,65.0,131.0,6.0,2.0,3.0,4.0,2.0,0.0,0.0,0.0,3.0,4.0
CHEMBL210077,4.8,120.62,193.32,92.43,474.18,7.0,2.0,5.0,1.0,9.0,34.0,59.0,4.0,3.0,0.0,1.0,1.0,0.0,0.0,2.0,0.0,1.0
CHEMBL553019,2.24,157.47,244.93,127.76,595.25,12.0,5.0,7.0,1.0,11.0,40.0,82.0,4.0,0.0,3.0,4.0,0.0,0.0,0.0,0.0,3.0,4.0
CHEMBL553018,5.71,396.77,613.3,378.86,1478.62,36.0,12.0,22.0,8.0,33.0,105.0,192.0,11.0,7.0,3.0,4.0,7.0,0.0,0.0,0.0,3.0,4.0
CHEMBL1254907,5.65,104.92,169.52,42.35,427.12,7.0,1.0,4.0,0.0,8.0,29.0,50.0,3.0,3.0,0.0,0.0,2.0,0.0,0.0,1.0,0.0,0.0
CHEMBL429627,5.69,96.76,160.28,29.46,404.12,7.0,1.0,2.0,0.0,7.0,27.0,48.0,2.0,2.0,0.0,0.0,0.0,0.0,0.0,2.0,0.0,0.0
CHEMBL524378,2.86,207.69,323.54,179.61,783.32,16.0,6.0,11.0,2.0,16.0,54.0,104.0,6.0,2.0,3.0,4.0,2.0,0.0,0.0,0.0,3.0,4.0
CHEMBL457035,4.81,111.04,167.71,42.35,375.22,4.0,1.0,3.0,0.0,3.0,28.0,57.0,4.0,2.0,1.0,2.0,1.0,0.0,0.0,1.0,1.0,2.0
CHEMBL457036,5.12,115.78,174.08,42.35,389.24,4.0,1.0,3.0,0.0,3.0,29.0,60.0,4.0,2.0,1.0,2.0,1.0,0.0,0.0,1.0,1.0,2.0
CHEMBL228610,5.54,109.72,155.89,30.49,349.2,6.0,1.0,3.0,0.0,3.0,26.0,53.0,3.0,2.0,0.0,1.0,0.0,0.0,1.0,2.0,0.0,0.0
CHEMBL228611,5.93,114.34,162.26,30.49,363.22,7.0,1.0,3.0,0.0,3.0,27.0,56.0,3.0,2.0,0.0,1.0,0.0,0.0,1.0,2.0,0.0,0.0
CHEMBL1062,3.84,92.34,144.44,54.37,330.22,1.0,1.0,3.0,0.0,3.0,24.0,54.0,4.0,0.0,3.0,4.0,0.0,0.0,0.0,0.0,3.0,4.0
CHEMBL1917247,5.57,147.95,229.94,87.49,557.15,4.0,2.0,7.0,0.0,8.0,37.0,69.0,6.0,2.0,3.0,4.0,1.0,0.0,0.0,1.0,3.0,4.0
CHEMBL1917244,4.97,138.31,213.27,87.49,509.17,4.0,2.0,7.0,0.0,7.0,35.0,66.0,6.0,2.0,3.0,4.0,1.0,0.0,0.0,1.0,3.0,4.0
CHEMBL1917245,5.31,143.2,223.8,87.49,541.18,4.0,2.0,7.0,0.0,8.0,37.0,69.0,6.0,2.0,3.0,4.0,1.0,0.0,0.0,1.0,3.0,4.0
CHEMBL1400945,4.26,96.37,151.04,61.09,341.24,1.0,1.0,3.0,0.0,3.0,25.0,56.0,4.0,0.0,3.0,4.0,0.0,0.0,0.0,0.0,3.0,4.0
CHEMBL1917248,5.21,142.85,219.63,87.49,523.19,4.0,2.0,7.0,0.0,7.0,36.0,69.0,6.0,2.0,3.0,4.0,1.0,0.0,0.0,1.0,3.0,4.0
CHEMBL560797,5.34,133.28,210.68,70.39,514.2,10.0,2.0,5.0,1.0,10.0,37.0,63.0,4.0,4.0,0.0,0.0,1.0,0.0,0.0,3.0,0.0,0.0
CHEMBL1668068,4.91,139.45,206.01,99.81,487.2,7.0,2.0,6.0,0.0,8.0,35.0,64.0,4.0,4.0,0.0,0.0,1.0,0.0,0.0,3.0,0.0,0.0
CHEMBL457242,2.51,85.53,131.55,60.69,300.17,1.0,3.0,3.0,0.0,3.0,22.0,46.0,3.0,1.0,1.0,2.0,0.0,0.0,0.0,1.0,1.0,2.0
CHEMBL457241,2.51,85.53,131.55,60.69,300.17,1.0,3.0,3.0,0.0,3.0,22.0,46.0,3.0,1.0,1.0,2.0,0.0,0.0,0.0,1.0,1.0,2.0
CHEMBL388462,3.39,92.97,136.15,61.96,328.12,5.0,2.0,2.0,0.0,5.0,23.0,43.0,3.0,3.0,0.0,0.0,1.0,0.0,0.0,2.0,0.0,0.0
CHEMBL237496,5.76,107.8,167.96,33.12,399.18,5.0,1.0,2.0,0.0,5.0,29.0,53.0,4.0,3.0,0.0,1.0,1.0,0.0,0.0,2.0,0.0,1.0
CHEMBL194114,5.24,111.5,174.49,36.28,402.17,2.0,0.0,4.0,0.0,5.0,30.0,53.0,6.0,3.0,2.0,3.0,1.0,1.0,1.0,2.0,1.0,2.0
CHEMBL501745,4.84,145.49,231.19,112.93,547.33,8.0,3.0,6.0,1.0,8.0,39.0,85.0,4.0,0.0,3.0,4.0,0.0,0.0,0.0,0.0,3.0,4.0
CHEMBL396029,5.04,103.26,160.69,61.96,415.99,5.0,2.0,2.0,0.0,8.0,25.0,40.0,3.0,3.0,0.0,0.0,1.0,0.0,0.0,2.0,0.0,0.0
CHEMBL219684,9.26,242.15,370.9,127.53,849.55,10.0,4.0,7.0,0.0,8.0,62.0,137.0,9.0,1.0,6.0,8.0,0.0,0.0,0.0,1.0,6.0,8.0
CHEMBL1668090,2.16,139.59,210.43,139.42,512.22,11.0,3.0,7.0,2.0,11.0,36.0,68.0,4.0,3.0,1.0,1.0,1.0,0.0,0.0,2.0,1.0,1.0
CHEMBL1668092,3.06,144.55,217.45,116.56,525.24,10.0,3.0,7.0,1.0,10.0,37.0,72.0,5.0,3.0,2.0,2.0,1.0,1.0,1.0,2.0,1.0,1.0
CHEMBL2023244,6.7,170.38,262.08,84.58,606.29,5.0,2.0,6.0,0.0,7.0,45.0,84.0,8.0,4.0,3.0,4.0,1.0,0.0,0.0,3.0,3.0,4.0
CHEMBL1253986,4.77,94.89,149.44,48.91,362.16,6.0,2.0,2.0,0.0,6.0,26.0,47.0,3.0,3.0,0.0,0.0,2.0,0.0,0.0,1.0,0.0,0.0
CHEMBL1253987,4.91,94.85,153.61,48.91,380.15,6.0,2.0,2.0,0.0,7.0,27.0,47.0,3.0,3.0,0.0,0.0,2.0,0.0,0.0,1.0,0.0,0.0
CHEMBL444286,5.38,114.65,176.24,36.28,406.21,3.0,0.0,4.0,0.0,5.0,30.0,57.0,5.0,2.0,2.0,3.0,1.0,1.0,1.0,1.0,1.0,2.0
CHEMBL1254080,6.44,126.88,195.98,58.14,468.2,8.0,2.0,3.0,0.0,7.0,34.0,61.0,4.0,4.0,0.0,0.0,2.0,0.0,0.0,2.0,0.0,0.0
CHEMBL2087294,8.42,147.12,230.32,49.77,629.0,9.0,1.0,3.0,0.0,8.0,37.0,60.0,4.0,4.0,0.0,0.0,0.0,0.0,0.0,4.0,0.0,0.0
CHEMBL195990,6.98,135.81,209.54,36.28,478.21,3.0,0.0,4.0,0.0,5.0,36.0,63.0,7.0,4.0,2.0,3.0,1.0,1.0,1.0,3.0,1.0,2.0
CHEMBL1917416,4.91,147.36,237.23,119.59,562.21,7.0,1.0,9.0,0.0,9.0,40.0,74.0,6.0,2.0,3.0,4.0,2.0,0.0,0.0,0.0,3.0,4.0
CHEMBL1917415,6.36,162.33,254.33,106.7,597.22,7.0,1.0,8.0,0.0,8.0,43.0,78.0,7.0,3.0,3.0,4.0,2.0,0.0,0.0,1.0,3.0,4.0
CHEMBL1917414,6.43,160.21,251.97,106.7,603.17,7.0,1.0,9.0,0.0,9.0,42.0,75.0,7.0,3.0,3.0,4.0,2.0,0.0,0.0,1.0,3.0,4.0
CHEMBL427554,5.03,127.99,193.97,75.63,443.21,9.0,2.0,4.0,1.0,5.0,33.0,62.0,4.0,3.0,0.0,1.0,0.0,0.0,1.0,3.0,0.0,0.0
CHEMBL1950694,5.79,127.41,194.71,63.33,441.23,1.0,1.0,4.0,0.0,4.0,33.0,64.0,6.0,2.0,2.0,4.0,1.0,0.0,0.0,1.0,2.0,4.0
CHEMBL394369,6.12,130.19,190.81,70.95,447.15,3.0,3.0,6.0,0.0,6.0,32.0,57.0,5.0,3.0,0.0,2.0,1.0,0.0,2.0,2.0,0.0,0.0
CHEMBL1950696,6.25,134.65,218.49,72.2,522.21,4.0,1.0,4.0,1.0,8.0,38.0,67.0,6.0,2.0,2.0,4.0,1.0,0.0,0.0,1.0,2.0,4.0
CHEMBL1950697,6.5,127.67,207.2,63.33,495.2,2.0,1.0,4.0,0.0,7.0,36.0,64.0,6.0,2.0,2.0,4.0,1.0,0.0,0.0,1.0,2.0,4.0
CHEMBL1950693,5.48,122.67,188.34,63.33,427.21,1.0,1.0,4.0,0.0,4.0,32.0,61.0,6.0,2.0,2.0,4.0,1.0,0.0,0.0,1.0,2.0,4.0
CHEMBL1950698,5.24,129.65,199.63,72.2,454.23,3.0,1.0,4.0,1.0,5.0,34.0,64.0,6.0,2.0,2.0,4.0,1.0,0.0,0.0,1.0,2.0,4.0
CHEMBL563739,5.92,441.13,679.69,411.2,1634.74,45.0,13.0,24.0,9.0,36.0,116.0,219.0,11.0,7.0,3.0,4.0,7.0,0.0,0.0,0.0,3.0,4.0
CHEMBL196929,6.3,148.81,222.66,75.63,505.23,9.0,2.0,4.0,1.0,5.0,38.0,69.0,5.0,4.0,0.0,1.0,0.0,0.0,1.0,4.0,0.0,0.0
CHEMBL235365,5.58,132.28,211.41,92.43,514.21,7.0,2.0,5.0,1.0,9.0,37.0,66.0,5.0,3.0,1.0,2.0,1.0,0.0,0.0,2.0,1.0,2.0
CHEMBL2023618,6.81,173.4,266.31,88.24,623.26,5.0,2.0,7.0,0.0,8.0,45.0,83.0,8.0,4.0,3.0,4.0,2.0,0.0,0.0,2.0,3.0,4.0
CHEMBL258191,6.49,104.22,147.78,27.82,338.15,1.0,2.0,1.0,0.0,3.0,24.0,47.0,4.0,3.0,0.0,1.0,1.0,0.0,1.0,2.0,0.0,0.0
CHEMBL2023619,5.79,163.46,258.33,114.27,614.24,5.0,2.0,9.0,0.0,10.0,44.0,79.0,8.0,4.0,3.0,4.0,3.0,0.0,0.0,1.0,3.0,4.0
CHEMBL500938,3.04,122.5,199.36,112.93,477.25,7.0,3.0,6.0,1.0,8.0,34.0,70.0,4.0,0.0,3.0,4.0,0.0,0.0,0.0,0.0,3.0,4.0
CHEMBL1257572,5.46,111.68,177.11,65.38,436.18,7.0,3.0,4.0,0.0,8.0,31.0,55.0,3.0,3.0,0.0,0.0,1.0,0.0,0.0,2.0,0.0,0.0
CHEMBL221426,5.66,126.39,191.49,46.53,430.25,2.0,1.0,3.0,0.0,3.0,32.0,66.0,5.0,1.0,2.0,4.0,0.0,0.0,0.0,1.0,2.0,4.0
CHEMBL376264,6.56,135.81,207.47,46.53,476.21,4.0,1.0,3.0,0.0,4.0,34.0,67.0,5.0,1.0,2.0,4.0,0.0,0.0,0.0,1.0,2.0,4.0
CHEMBL397191,5.49,144.19,217.22,49.77,499.22,2.0,1.0,5.0,0.0,5.0,36.0,69.0,6.0,2.0,2.0,4.0,1.0,0.0,1.0,1.0,2.0,3.0
CHEMBL2022859,6.73,171.32,259.79,88.24,611.23,5.0,2.0,8.0,0.0,8.0,43.0,80.0,8.0,4.0,3.0,4.0,2.0,0.0,0.0,2.0,3.0,4.0
CHEMBL203885,5.87,111.63,154.54,21.26,351.17,6.0,1.0,3.0,0.0,3.0,25.0,50.0,3.0,2.0,0.0,1.0,0.0,0.0,1.0,2.0,0.0,0.0
CHEMBL561276,5.03,128.54,204.32,70.39,500.18,10.0,2.0,5.0,1.0,10.0,36.0,60.0,4.0,4.0,0.0,0.0,1.0,0.0,0.0,3.0,0.0,0.0
CHEMBL2021945,5.65,155.9,243.63,88.24,573.25,5.0,2.0,7.0,0.0,8.0,41.0,77.0,7.0,3.0,3.0,4.0,2.0,0.0,0.0,1.0,3.0,4.0
CHEMBL103,4.72,90.88,139.65,34.14,314.22,1.0,0.0,2.0,0.0,2.0,23.0,53.0,4.0,0.0,3.0,4.0,0.0,0.0,0.0,0.0,3.0,4.0
CHEMBL563812,5.69,133.55,214.62,70.39,534.14,10.0,2.0,5.0,1.0,11.0,37.0,60.0,4.0,4.0,0.0,0.0,1.0,0.0,0.0,3.0,0.0,0.0
CHEMBL110691,4.75,106.59,171.27,60.44,404.18,3.0,0.0,4.0,0.0,5.0,28.0,57.0,4.0,0.0,2.0,4.0,0.0,0.0,0.0,0.0,2.0,4.0
CHEMBL104,5.38,101.84,151.91,17.82,344.11,4.0,0.0,2.0,0.0,3.0,25.0,42.0,4.0,4.0,0.0,0.0,1.0,0.0,0.0,3.0,0.0,0.0
CHEMBL196185,5.77,119.27,182.61,36.28,420.22,3.0,0.0,4.0,0.0,5.0,31.0,60.0,5.0,2.0,2.0,3.0,1.0,1.0,1.0,1.0,1.0,2.0
CHEMBL1086086,4.12,113.74,185.7,84.22,479.09,7.0,2.0,5.0,0.0,11.0,33.0,50.0,4.0,4.0,0.0,0.0,1.0,0.0,0.0,3.0,0.0,0.0
CHEMBL549896,4.99,130.77,197.25,49.77,445.26,2.0,1.0,4.0,0.0,4.0,33.0,68.0,5.0,1.0,2.0,4.0,0.0,1.0,1.0,1.0,1.0,3.0
CHEMBL564234,5.89,127.03,196.23,44.76,446.25,2.0,0.0,4.0,0.0,4.0,33.0,67.0,6.0,1.0,3.0,5.0,0.0,2.0,2.0,1.0,1.0,3.0
CHEMBL196067,3.96,99.28,165.04,75.63,407.13,7.0,2.0,4.0,1.0,8.0,29.0,49.0,3.0,2.0,0.0,1.0,0.0,0.0,1.0,2.0,0.0,0.0
CHEMBL561257,4.6,118.37,179.16,49.77,407.25,2.0,1.0,4.0,0.0,4.0,30.0,63.0,5.0,1.0,2.0,4.0,0.0,1.0,1.0,1.0,1.0,3.0
CHEMBL233661,4.12,95.84,151.98,61.96,428.0,5.0,2.0,2.0,0.0,8.0,25.0,40.0,3.0,3.0,0.0,0.0,1.0,0.0,0.0,2.0,0.0,0.0
CHEMBL233660,4.38,98.25,150.39,61.96,382.03,5.0,2.0,2.0,0.0,7.0,24.0,40.0,3.0,3.0,0.0,0.0,1.0,0.0,0.0,2.0,0.0,0.0
CHEMBL2023243,7.41,175.61,267.09,75.35,622.27,5.0,2.0,6.0,0.0,7.0,45.0,84.0,8.0,4.0,3.0,4.0,1.0,0.0,0.0,3.0,3.0,4.0
CHEMBL1682425,5.96,129.03,184.06,69.64,419.26,4.0,3.0,4.0,0.0,5.0,31.0,64.0,4.0,3.0,0.0,1.0,1.0,0.0,1.0,2.0,0.0,0.0
CHEMBL526106,3.43,127.1,205.73,112.93,491.27,7.0,3.0,6.0,1.0,8.0,35.0,73.0,4.0,0.0,3.0,4.0,0.0,0.0,0.0,0.0,3.0,4.0
CHEMBL2087296,8.12,148.94,235.44,59.0,645.0,10.0,1.0,4.0,0.0,9.0,38.0,61.0,4.0,4.0,0.0,0.0,0.0,0.0,0.0,4.0,0.0,0.0
CHEMBL2087297,8.13,155.49,246.91,68.23,675.01,11.0,1.0,5.0,0.0,10.0,40.0,65.0,4.0,4.0,0.0,0.0,0.0,0.0,0.0,4.0,0.0,0.0
CHEMBL232833,3.73,93.24,140.09,61.96,348.07,5.0,2.0,2.0,0.0,6.0,23.0,40.0,3.0,3.0,0.0,0.0,1.0,0.0,0.0,2.0,0.0,0.0
CHEMBL232832,3.73,93.24,140.09,61.96,348.07,5.0,2.0,2.0,0.0,6.0,23.0,40.0,3.0,3.0,0.0,0.0,1.0,0.0,0.0,2.0,0.0,0.0
CHEMBL237843,6.19,109.25,172.66,29.46,420.17,7.0,1.0,2.0,0.0,6.0,30.0,54.0,3.0,3.0,0.0,0.0,0.0,0.0,0.0,3.0,0.0,0.0
CHEMBL391874,4.44,125.84,202.4,84.22,507.18,8.0,2.0,5.0,0.0,10.0,35.0,63.0,4.0,3.0,0.0,1.0,1.0,0.0,0.0,2.0,0.0,1.0
CHEMBL2023616,6.2,171.2,265.53,101.13,624.26,5.0,2.0,8.0,0.0,9.0,45.0,82.0,8.0,4.0,3.0,4.0,2.0,0.0,0.0,2.0,3.0,4.0
CHEMBL2023617,5.49,165.97,260.52,110.36,608.28,5.0,2.0,8.0,0.0,9.0,45.0,82.0,8.0,4.0,3.0,4.0,2.0,0.0,0.0,2.0,3.0,4.0
CHEMBL2023614,6.81,173.4,266.31,88.24,623.26,5.0,2.0,7.0,0.0,8.0,45.0,83.0,8.0,4.0,3.0,4.0,2.0,0.0,0.0,2.0,3.0,4.0
CHEMBL2023615,6.09,168.17,261.3,97.47,607.28,5.0,2.0,7.0,0.0,8.0,45.0,83.0,8.0,4.0,3.0,4.0,2.0,0.0,0.0,2.0,3.0,4.0
CHEMBL1094231,5.76,101.49,171.49,38.05,438.06,4.0,1.0,3.0,0.0,9.0,30.0,42.0,4.0,4.0,0.0,0.0,1.0,0.0,0.0,3.0,0.0,0.0
CHEMBL401267,6.43,129.28,200.18,47.89,461.24,2.0,0.0,4.0,0.0,5.0,34.0,66.0,6.0,1.0,2.0,5.0,0.0,0.0,1.0,1.0,2.0,4.0
CHEMBL111861,1.78,95.14,154.03,94.83,362.21,2.0,3.0,5.0,0.0,5.0,26.0,56.0,4.0,0.0,3.0,4.0,0.0,0.0,0.0,0.0,3.0,4.0
CHEMBL2023242,5.43,167.14,261.09,102.4,610.3,5.0,2.0,8.0,0.0,9.0,45.0,84.0,8.0,4.0,3.0,4.0,2.0,0.0,0.0,2.0,3.0,4.0
CHEMBL1084360,5.22,109.93,174.54,63.99,449.08,5.0,1.0,4.0,0.0,10.0,31.0,46.0,4.0,4.0,0.0,0.0,1.0,0.0,0.0,3.0,0.0,0.0
CHEMBL2024025,4.12,130.58,208.33,113.52,496.2,4.0,2.0,8.0,0.0,8.0,35.0,67.0,6.0,2.0,3.0,4.0,2.0,0.0,0.0,0.0,3.0,4.0
CHEMBL1200845,3.89,112.33,187.23,72.83,454.19,2.0,1.0,5.0,0.0,7.0,31.0,63.0,5.0,0.0,4.0,5.0,0.0,1.0,1.0,0.0,3.0,4.0
CHEMBL388017,7.25,134.68,195.58,30.49,447.2,7.0,1.0,3.0,0.0,4.0,32.0,62.0,4.0,3.0,0.0,1.0,0.0,0.0,1.0,3.0,0.0,0.0
CHEMBL2024028,3.98,123.02,193.64,87.49,455.21,4.0,2.0,6.0,0.0,6.0,32.0,65.0,5.0,1.0,3.0,4.0,1.0,0.0,0.0,0.0,3.0,4.0
CHEMBL1940691,5.15,144.98,221.99,87.49,517.23,4.0,2.0,6.0,0.0,6.0,37.0,72.0,6.0,2.0,3.0,4.0,1.0,0.0,0.0,1.0,3.0,4.0
CHEMBL243870,4.31,107.18,155.24,61.96,370.17,5.0,2.0,2.0,0.0,5.0,26.0,52.0,3.0,3.0,0.0,0.0,1.0,0.0,0.0,2.0,0.0,0.0
CHEMBL238360,5.93,117.32,179.87,45.15,428.21,6.0,2.0,3.0,0.0,6.0,31.0,58.0,4.0,3.0,0.0,1.0,1.0,0.0,0.0,2.0,0.0,1.0
CHEMBL242872,7.25,134.68,195.58,30.49,447.2,7.0,1.0,3.0,0.0,4.0,32.0,62.0,4.0,3.0,0.0,1.0,0.0,0.0,1.0,3.0,0.0,0.0
CHEMBL317578,6.51,138.41,205.67,60.03,470.22,5.0,1.0,5.0,1.0,6.0,35.0,65.0,5.0,3.0,0.0,2.0,0.0,0.0,2.0,3.0,0.0,0.0
CHEMBL236748,5.35,96.48,156.34,29.46,384.17,7.0,1.0,2.0,0.0,6.0,27.0,51.0,2.0,2.0,0.0,0.0,0.0,0.0,0.0,2.0,0.0,0.0
CHEMBL1911663,4.58,124.12,200.81,103.18,506.15,7.0,2.0,5.0,0.0,10.0,35.0,60.0,4.0,3.0,0.0,1.0,1.0,0.0,1.0,2.0,0.0,0.0
CHEMBL236747,5.35,96.48,156.34,29.46,384.17,7.0,1.0,2.0,0.0,6.0,27.0,51.0,2.0,2.0,0.0,0.0,0.0,0.0,0.0,2.0,0.0,0.0
CHEMBL462100,4.67,96.08,143.71,40.46,322.19,2.0,2.0,2.0,0.0,2.0,24.0,50.0,4.0,2.0,1.0,2.0,0.0,0.0,0.0,2.0,1.0,2.0
CHEMBL221491,5.63,121.57,193.46,46.53,452.22,2.0,1.0,3.0,0.0,5.0,33.0,63.0,5.0,1.0,2.0,4.0,0.0,0.0,0.0,1.0,2.0,4.0
CHEMBL221492,5.97,131.13,197.86,46.53,444.27,2.0,1.0,3.0,0.0,3.0,33.0,69.0,5.0,1.0,2.0,4.0,0.0,0.0,0.0,1.0,2.0,4.0
CHEMBL1682441,4.78,95.77,144.24,48.05,342.15,1.0,3.0,2.0,0.0,5.0,25.0,45.0,4.0,3.0,0.0,1.0,1.0,0.0,1.0,2.0,0.0,0.0
CHEMBL1940689,4.74,137.24,214.79,100.63,507.21,4.0,2.0,7.0,0.0,7.0,36.0,69.0,6.0,2.0,3.0,4.0,1.0,0.0,0.0,1.0,3.0,4.0
CHEMBL389795,4.38,98.25,150.39,61.96,382.03,5.0,2.0,2.0,0.0,7.0,24.0,40.0,3.0,3.0,0.0,0.0,1.0,0.0,0.0,2.0,0.0,0.0
CHEMBL389794,4.04,97.98,146.45,61.96,362.09,5.0,2.0,2.0,0.0,6.0,24.0,43.0,3.0,3.0,0.0,0.0,1.0,0.0,0.0,2.0,0.0,0.0
CHEMBL194745,3.8,100.9,174.0,95.86,441.12,7.0,3.0,5.0,1.0,10.0,31.0,50.0,3.0,2.0,0.0,1.0,0.0,0.0,1.0,2.0,0.0,0.0
CHEMBL1950695,6.04,132.05,201.07,63.33,455.25,2.0,1.0,4.0,0.0,4.0,34.0,67.0,6.0,2.0,2.0,4.0,1.0,0.0,0.0,1.0,2.0,4.0
CHEMBL563916,2.46,201.83,311.32,160.1,751.38,21.0,6.0,9.0,2.0,14.0,51.0,109.0,4.0,0.0,3.0,4.0,0.0,0.0,0.0,0.0,3.0,4.0
CHEMBL365821,5.24,111.5,174.49,36.28,402.17,2.0,0.0,4.0,0.0,5.0,30.0,53.0,6.0,3.0,2.0,3.0,1.0,1.0,1.0,2.0,1.0,2.0
CHEMBL1201010,2.44,105.04,175.41,100.9,422.21,4.0,2.0,6.0,0.0,7.0,30.0,61.0,4.0,0.0,3.0,4.0,0.0,0.0,0.0,0.0,3.0,4.0
CHEMBL235060,5.35,96.48,156.34,29.46,384.17,7.0,1.0,2.0,0.0,6.0,27.0,51.0,2.0,2.0,0.0,0.0,0.0,0.0,0.0,2.0,0.0,0.0
CHEMBL500897,4.39,142.2,228.05,112.93,539.27,7.0,3.0,6.0,1.0,8.0,39.0,77.0,5.0,1.0,3.0,4.0,0.0,0.0,0.0,1.0,3.0,4.0
CHEMBL1911543,5.52,103.6,165.87,45.25,409.17,7.0,2.0,2.0,0.0,7.0,29.0,52.0,3.0,3.0,0.0,0.0,1.0,0.0,0.0,2.0,0.0,0.0
CHEMBL1911542,5.52,103.6,165.87,45.25,409.17,7.0,2.0,2.0,0.0,7.0,29.0,52.0,3.0,3.0,0.0,0.0,1.0,0.0,0.0,2.0,0.0,0.0
CHEMBL1911547,5.39,108.32,176.63,69.04,434.16,7.0,2.0,3.0,0.0,8.0,31.0,53.0,3.0,3.0,0.0,0.0,1.0,0.0,0.0,2.0,0.0,0.0
CHEMBL1911546,6.54,108.6,184.73,45.25,477.15,8.0,2.0,2.0,0.0,10.0,33.0,55.0,3.0,3.0,0.0,0.0,1.0,0.0,0.0,2.0,0.0,0.0
CHEMBL1911545,5.83,108.34,172.23,45.25,423.18,7.0,2.0,2.0,0.0,7.0,30.0,55.0,3.0,3.0,0.0,0.0,1.0,0.0,0.0,2.0,0.0,0.0
CHEMBL228767,4.98,100.58,143.85,30.49,323.19,4.0,1.0,3.0,0.0,3.0,24.0,49.0,3.0,2.0,0.0,1.0,0.0,0.0,1.0,2.0,0.0,0.0
CHEMBL1911549,6.54,108.6,184.73,45.25,477.15,8.0,2.0,2.0,0.0,10.0,33.0,55.0,3.0,3.0,0.0,0.0,1.0,0.0,0.0,2.0,0.0,0.0
CHEMBL1911548,5.83,108.34,172.23,45.25,423.18,7.0,2.0,2.0,0.0,7.0,30.0,55.0,3.0,3.0,0.0,0.0,1.0,0.0,0.0,2.0,0.0,0.0
CHEMBL989,2.37,108.88,185.19,93.06,452.2,2.0,2.0,6.0,0.0,8.0,32.0,62.0,5.0,0.0,4.0,5.0,0.0,1.0,1.0,0.0,3.0,4.0
CHEMBL511812,3.64,97.47,148.51,60.69,338.19,2.0,3.0,3.0,0.0,3.0,25.0,51.0,4.0,2.0,1.0,2.0,0.0,0.0,0.0,2.0,1.0,2.0
CHEMBL196232,5.24,111.5,174.49,36.28,402.17,2.0,0.0,4.0,0.0,5.0,30.0,53.0,6.0,3.0,2.0,3.0,1.0,1.0,1.0,2.0,1.0,2.0
CHEMBL397018,5.93,114.34,162.26,30.49,363.22,6.0,1.0,3.0,0.0,3.0,27.0,56.0,3.0,2.0,0.0,1.0,0.0,0.0,1.0,2.0,0.0,0.0
CHEMBL196237,5.93,142.07,213.06,75.63,485.26,9.0,2.0,4.0,1.0,5.0,36.0,71.0,4.0,3.0,0.0,1.0,0.0,0.0,1.0,3.0,0.0,0.0
CHEMBL400609,5.05,96.42,164.9,53.25,413.14,7.0,1.0,3.0,0.0,8.0,29.0,49.0,2.0,2.0,0.0,0.0,0.0,0.0,0.0,2.0,0.0,0.0
CHEMBL396983,5.43,152.87,231.06,59.0,523.27,3.0,1.0,5.0,0.0,5.0,39.0,76.0,6.0,2.0,2.0,4.0,0.0,0.0,1.0,2.0,2.0,3.0
CHEMBL557958,2.8,203.13,322.96,201.61,772.37,13.0,6.0,11.0,4.0,16.0,56.0,105.0,7.0,3.0,3.0,4.0,3.0,0.0,0.0,0.0,3.0,4.0
CHEMBL220955,7.02,147.09,220.18,46.53,492.27,3.0,1.0,3.0,0.0,3.0,37.0,73.0,6.0,2.0,2.0,4.0,0.0,0.0,0.0,2.0,2.0,4.0
CHEMBL232452,4.0,102.44,148.88,61.96,356.16,5.0,2.0,2.0,0.0,5.0,25.0,49.0,3.0,3.0,0.0,0.0,1.0,0.0,0.0,2.0,0.0,0.0
CHEMBL372102,4.62,134.45,206.75,112.66,490.19,8.0,3.0,6.0,1.0,8.0,36.0,63.0,4.0,4.0,0.0,0.0,1.0,0.0,0.0,3.0,0.0,0.0
CHEMBL243455,7.25,154.02,226.76,71.03,528.21,4.0,2.0,6.0,1.0,7.0,38.0,70.0,6.0,3.0,1.0,3.0,1.0,1.0,3.0,2.0,0.0,0.0
CHEMBL139835,4.61,108.95,176.63,60.44,416.18,3.0,0.0,4.0,0.0,5.0,29.0,58.0,5.0,0.0,3.0,5.0,0.0,0.0,0.0,0.0,3.0,5.0
CHEMBL1094514,5.41,101.22,167.55,38.05,418.11,4.0,1.0,3.0,0.0,8.0,30.0,45.0,4.0,4.0,0.0,0.0,1.0,0.0,0.0,3.0,0.0,0.0
CHEMBL470783,5.22,129.11,195.83,62.58,443.25,5.0,2.0,4.0,0.0,4.0,33.0,66.0,5.0,3.0,1.0,2.0,1.0,0.0,0.0,2.0,1.0,2.0
CHEMBL470785,3.71,88.66,132.43,40.46,296.18,2.0,2.0,2.0,0.0,2.0,22.0,46.0,3.0,1.0,1.0,2.0,0.0,0.0,0.0,1.0,1.0,2.0
CHEMBL1254651,5.52,103.6,165.87,45.25,409.17,7.0,2.0,2.0,0.0,7.0,29.0,52.0,3.0,3.0,0.0,0.0,1.0,0.0,0.0,2.0,0.0,0.0
CHEMBL263091,4.24,115.25,190.87,101.66,482.15,8.0,2.0,6.0,1.0,11.0,34.0,56.0,3.0,3.0,0.0,0.0,1.0,0.0,0.0,2.0,0.0,0.0
CHEMBL411,4.83,83.61,119.58,40.46,268.15,4.0,2.0,2.0,0.0,2.0,20.0,40.0,2.0,2.0,0.0,0.0,0.0,0.0,0.0,2.0,0.0,0.0
CHEMBL197312,5.44,110.22,171.26,36.28,396.22,3.0,0.0,4.0,0.0,5.0,29.0,58.0,5.0,2.0,2.0,3.0,1.0,1.0,1.0,1.0,1.0,2.0
CHEMBL1083487,6.68,133.5,209.8,55.2,525.11,6.0,0.0,4.0,0.0,10.0,37.0,56.0,5.0,5.0,0.0,0.0,1.0,0.0,0.0,4.0,0.0,0.0
CHEMBL390434,4.04,97.98,146.45,61.96,362.09,5.0,2.0,2.0,0.0,6.0,24.0,43.0,3.0,3.0,0.0,0.0,1.0,0.0,0.0,2.0,0.0,0.0
CHEMBL559547,4.44,131.44,206.39,87.46,518.16,10.0,2.0,6.0,0.0,11.0,36.0,61.0,4.0,4.0,0.0,0.0,1.0,0.0,0.0,3.0,0.0,0.0
CHEMBL559546,4.58,131.4,210.55,87.46,536.15,10.0,2.0,6.0,0.0,12.0,37.0,61.0,4.0,4.0,0.0,0.0,1.0,0.0,0.0,3.0,0.0,0.0
CHEMBL238147,6.32,121.94,186.24,45.15,442.22,7.0,2.0,3.0,0.0,6.0,32.0,61.0,4.0,3.0,0.0,1.0,1.0,0.0,0.0,2.0,0.0,1.0
CHEMBL1911662,4.58,124.12,200.81,103.18,506.15,7.0,2.0,5.0,0.0,10.0,35.0,60.0,4.0,3.0,0.0,1.0,1.0,0.0,1.0,2.0,0.0,0.0
CHEMBL558716,5.28,133.2,206.52,70.39,496.21,11.0,2.0,5.0,1.0,9.0,36.0,63.0,4.0,4.0,0.0,0.0,1.0,0.0,0.0,3.0,0.0,0.0
CHEMBL1911660,4.71,119.4,190.05,79.39,481.15,7.0,2.0,4.0,0.0,9.0,33.0,59.0,4.0,3.0,0.0,1.0,1.0,0.0,1.0,2.0,0.0,0.0
CHEMBL1911661,4.58,124.12,200.81,103.18,506.15,7.0,2.0,5.0,0.0,10.0,35.0,60.0,4.0,3.0,0.0,1.0,1.0,0.0,1.0,2.0,0.0,0.0
CHEMBL1911664,4.58,124.12,200.81,103.18,506.15,7.0,2.0,5.0,0.0,10.0,35.0,60.0,4.0,3.0,0.0,1.0,1.0,0.0,1.0,2.0,0.0,0.0
CHEMBL1512,2.27,108.53,181.03,93.06,434.21,2.0,2.0,6.0,0.0,7.0,31.0,62.0,5.0,0.0,4.0,5.0,0.0,1.0,1.0,0.0,3.0,4.0
CHEMBL395795,4.0,102.44,148.88,61.96,356.16,5.0,2.0,2.0,0.0,5.0,25.0,49.0,3.0,3.0,0.0,0.0,1.0,0.0,0.0,2.0,0.0,0.0
CHEMBL389621,1.78,95.14,154.03,94.83,362.21,2.0,3.0,5.0,0.0,5.0,26.0,56.0,4.0,0.0,3.0,4.0,0.0,0.0,0.0,0.0,3.0,4.0
CHEMBL1084632,6.0,119.17,187.27,63.99,477.11,7.0,1.0,4.0,0.0,10.0,33.0,52.0,4.0,4.0,0.0,0.0,1.0,0.0,0.0,3.0,0.0,0.0
CHEMBL541908,6.26,120.0,176.57,30.49,447.12,6.0,1.0,3.0,0.0,5.0,28.0,55.0,3.0,2.0,0.0,1.0,0.0,0.0,1.0,2.0,0.0,0.0
CHEMBL393920,6.01,117.2,179.87,45.15,428.21,7.0,2.0,3.0,0.0,6.0,31.0,58.0,4.0,3.0,0.0,1.0,1.0,0.0,0.0,2.0,0.0,1.0
CHEMBL1762200,5.45,104.13,155.77,49.41,369.17,3.0,2.0,3.0,0.0,6.0,27.0,48.0,4.0,3.0,0.0,1.0,1.0,0.0,1.0,2.0,0.0,0.0
CHEMBL1762201,6.23,113.34,168.5,49.41,397.2,3.0,2.0,3.0,0.0,6.0,29.0,54.0,4.0,3.0,0.0,1.0,1.0,0.0,1.0,2.0,0.0,0.0
CHEMBL10560,3.54,84.14,126.75,40.46,284.18,1.0,2.0,2.0,0.0,2.0,21.0,45.0,3.0,1.0,1.0,2.0,0.0,0.0,0.0,1.0,1.0,2.0
CHEMBL392501,5.53,105.93,173.47,53.25,423.18,7.0,1.0,3.0,0.0,7.0,30.0,55.0,2.0,2.0,0.0,0.0,0.0,0.0,0.0,2.0,0.0,0.0
CHEMBL1762204,6.14,113.46,168.5,49.41,397.2,3.0,2.0,3.0,0.0,6.0,29.0,54.0,4.0,3.0,0.0,1.0,1.0,0.0,1.0,2.0,0.0,0.0
CHEMBL1762205,6.8,124.31,184.46,49.41,431.18,3.0,2.0,3.0,0.0,6.0,32.0,55.0,5.0,4.0,0.0,1.0,1.0,0.0,1.0,3.0,0.0,0.0
CHEMBL1762206,6.94,128.47,190.83,49.41,445.2,4.0,2.0,3.0,0.0,6.0,33.0,58.0,5.0,4.0,0.0,1.0,1.0,0.0,1.0,3.0,0.0,0.0
CHEMBL1762207,5.69,124.42,190.51,75.71,455.2,5.0,2.0,5.0,0.0,8.0,33.0,60.0,4.0,3.0,0.0,1.0,1.0,0.0,1.0,2.0,0.0,0.0
CHEMBL419158,7.76,128.72,192.15,30.49,451.11,2.0,1.0,3.0,0.0,5.0,31.0,54.0,5.0,3.0,0.0,2.0,0.0,0.0,2.0,3.0,0.0,0.0
CHEMBL564160,5.48,133.24,214.85,70.39,532.19,10.0,2.0,5.0,1.0,11.0,38.0,63.0,4.0,4.0,0.0,0.0,1.0,0.0,0.0,3.0,0.0,0.0
CHEMBL550730,5.17,128.5,208.48,70.39,518.17,10.0,2.0,5.0,1.0,11.0,37.0,60.0,4.0,4.0,0.0,0.0,1.0,0.0,0.0,3.0,0.0,0.0
CHEMBL1085958,7.55,135.4,227.2,73.22,595.08,8.0,1.0,5.0,0.0,14.0,41.0,57.0,5.0,5.0,0.0,0.0,1.0,0.0,0.0,4.0,0.0,0.0
CHEMBL426386,5.35,121.51,184.81,57.53,416.24,1.0,2.0,3.0,0.0,3.0,31.0,63.0,5.0,1.0,2.0,4.0,0.0,0.0,0.0,1.0,2.0,4.0
CHEMBL526566,3.68,131.66,212.09,112.93,505.28,7.0,3.0,6.0,1.0,8.0,36.0,76.0,4.0,0.0,3.0,4.0,0.0,0.0,0.0,0.0,3.0,4.0
CHEMBL1254994,4.85,101.33,165.3,47.28,410.16,7.0,1.0,4.0,0.0,8.0,29.0,51.0,3.0,3.0,0.0,0.0,2.0,0.0,0.0,1.0,0.0,0.0
CHEMBL1835807,4.31,91.48,129.36,33.45,293.14,4.0,0.0,3.0,0.0,3.0,22.0,41.0,3.0,3.0,0.0,0.0,1.0,0.0,0.0,2.0,0.0,0.0
CHEMBL1393,4.85,112.21,177.14,60.44,416.2,2.0,0.0,5.0,0.0,5.0,29.0,61.0,5.0,0.0,4.0,5.0,0.0,1.0,1.0,0.0,3.0,4.0
CHEMBL2022660,6.67,173.44,262.15,88.24,605.27,5.0,2.0,7.0,0.0,7.0,44.0,83.0,8.0,4.0,3.0,4.0,2.0,0.0,0.0,2.0,3.0,4.0
CHEMBL1395,4.27,87.33,133.92,37.3,302.22,0.0,1.0,2.0,0.0,2.0,22.0,52.0,4.0,0.0,3.0,4.0,0.0,0.0,0.0,0.0,3.0,4.0
CHEMBL540936,3.45,241.06,374.46,213.64,905.37,19.0,7.0,13.0,3.0,19.0,63.0,119.0,7.0,3.0,3.0,4.0,3.0,0.0,0.0,0.0,3.0,4.0
CHEMBL395706,5.73,151.05,225.94,49.77,507.28,2.0,1.0,4.0,0.0,4.0,38.0,75.0,6.0,2.0,2.0,4.0,0.0,0.0,1.0,2.0,2.0,3.0
CHEMBL222515,7.13,141.62,213.82,46.53,478.25,3.0,1.0,3.0,0.0,3.0,36.0,70.0,6.0,2.0,2.0,4.0,0.0,0.0,0.0,2.0,2.0,4.0
CHEMBL379024,7.06,131.54,188.09,21.26,433.19,7.0,1.0,3.0,0.0,4.0,31.0,59.0,4.0,3.0,0.0,1.0,0.0,0.0,1.0,3.0,0.0,0.0
CHEMBL1096467,4.97,101.2,171.94,61.84,429.09,4.0,1.0,4.0,0.0,9.0,31.0,43.0,4.0,4.0,0.0,0.0,1.0,0.0,0.0,3.0,0.0,0.0
CHEMBL206278,6.01,111.59,158.7,21.26,369.16,6.0,1.0,3.0,0.0,4.0,26.0,50.0,3.0,2.0,0.0,1.0,0.0,0.0,1.0,2.0,0.0,0.0
CHEMBL232249,5.04,103.26,160.69,61.96,415.99,5.0,2.0,2.0,0.0,8.0,25.0,40.0,3.0,3.0,0.0,0.0,1.0,0.0,0.0,2.0,0.0,0.0
CHEMBL380790,4.27,96.39,152.16,36.28,354.17,1.0,0.0,4.0,0.0,5.0,26.0,49.0,5.0,2.0,2.0,3.0,1.0,1.0,1.0,1.0,1.0,2.0
CHEMBL554774,2.2,169.77,272.05,167.58,650.32,10.0,5.0,9.0,3.0,13.0,47.0,90.0,6.0,2.0,3.0,4.0,2.0,0.0,0.0,0.0,3.0,4.0
CHEMBL390644,5.42,146.32,219.58,49.77,493.26,2.0,1.0,4.0,0.0,4.0,37.0,72.0,6.0,2.0,2.0,4.0,0.0,0.0,1.0,2.0,2.0,3.0
CHEMBL237807,6.34,101.77,170.58,29.46,438.08,7.0,1.0,2.0,0.0,8.0,28.0,48.0,2.0,2.0,0.0,0.0,0.0,0.0,0.0,2.0,0.0,0.0
CHEMBL100219,7.52,131.13,191.77,30.49,475.11,2.0,1.0,3.0,0.0,4.0,31.0,57.0,5.0,3.0,0.0,2.0,0.0,0.0,2.0,3.0,0.0,0.0
CHEMBL635,1.77,94.05,152.71,91.67,358.18,2.0,2.0,5.0,0.0,5.0,26.0,52.0,4.0,0.0,3.0,4.0,0.0,0.0,0.0,0.0,3.0,4.0
CHEMBL243469,6.14,141.01,208.65,80.18,491.18,6.0,3.0,7.0,0.0,7.0,35.0,64.0,5.0,3.0,0.0,2.0,1.0,0.0,2.0,2.0,0.0,0.0
CHEMBL434183,4.66,100.99,158.53,36.28,368.19,1.0,0.0,4.0,0.0,5.0,27.0,52.0,5.0,2.0,2.0,3.0,1.0,1.0,1.0,1.0,1.0,2.0
CHEMBL632,1.9,99.94,163.87,94.83,392.2,2.0,3.0,5.0,0.0,6.0,28.0,57.0,4.0,0.0,3.0,4.0,0.0,0.0,0.0,0.0,3.0,4.0
CHEMBL237377,6.34,101.77,170.58,29.46,438.08,7.0,1.0,2.0,0.0,8.0,28.0,48.0,2.0,2.0,0.0,0.0,0.0,0.0,0.0,2.0,0.0,0.0
CHEMBL1762202,6.53,118.08,174.87,49.41,411.21,3.0,2.0,3.0,0.0,6.0,30.0,57.0,4.0,3.0,0.0,1.0,1.0,0.0,1.0,2.0,0.0,0.0
CHEMBL1940553,4.36,136.1,212.49,100.38,510.16,4.0,2.0,8.0,0.0,8.0,35.0,65.0,6.0,2.0,3.0,4.0,2.0,0.0,0.0,0.0,3.0,4.0
CHEMBL250425,6.74,141.71,209.39,41.9,470.29,3.0,0.0,4.0,0.0,4.0,35.0,73.0,6.0,1.0,2.0,5.0,0.0,0.0,1.0,1.0,2.0,4.0
CHEMBL223675,6.87,140.54,213.83,46.53,490.23,4.0,1.0,3.0,0.0,4.0,35.0,70.0,5.0,1.0,2.0,4.0,0.0,0.0,0.0,1.0,2.0,4.0
CHEMBL563289,4.25,318.78,491.76,280.01,1183.55,31.0,9.0,17.0,5.0,25.0,83.0,161.0,8.0,4.0,3.0,4.0,4.0,0.0,0.0,0.0,3.0,4.0
CHEMBL194012,4.27,96.37,152.16,36.28,354.17,1.0,0.0,4.0,0.0,5.0,26.0,49.0,5.0,2.0,2.0,3.0,1.0,1.0,1.0,1.0,1.0,2.0
CHEMBL194013,4.05,96.3,151.47,36.28,352.16,2.0,0.0,4.0,0.0,5.0,26.0,47.0,5.0,2.0,2.0,3.0,1.0,1.0,1.0,1.0,1.0,2.0
CHEMBL457977,6.05,95.63,156.39,17.82,388.1,4.0,0.0,2.0,0.0,7.0,28.0,41.0,4.0,4.0,0.0,0.0,1.0,0.0,0.0,3.0,0.0,0.0
CHEMBL564332,2.33,122.15,203.74,130.55,529.14,11.0,3.0,7.0,1.0,14.0,36.0,59.0,3.0,3.0,0.0,0.0,1.0,0.0,0.0,2.0,0.0,0.0
CHEMBL1096126,5.27,101.26,163.39,38.05,400.12,4.0,1.0,3.0,0.0,7.0,29.0,45.0,4.0,4.0,0.0,0.0,1.0,0.0,0.0,3.0,0.0,0.0
CHEMBL1253818,4.91,101.4,165.09,58.14,410.16,7.0,2.0,3.0,0.0,8.0,29.0,51.0,3.0,3.0,0.0,0.0,2.0,0.0,0.0,1.0,0.0,0.0
CHEMBL1253819,4.91,101.4,165.09,58.14,410.16,7.0,2.0,3.0,0.0,8.0,29.0,51.0,3.0,3.0,0.0,0.0,2.0,0.0,0.0,1.0,0.0,0.0
CHEMBL1676,4.93,128.61,216.23,93.81,538.16,6.0,1.0,7.0,0.0,10.0,37.0,66.0,5.0,1.0,3.0,4.0,1.0,0.0,0.0,0.0,3.0,4.0
CHEMBL1201012,2.5,108.62,181.72,93.06,436.23,2.0,2.0,6.0,0.0,7.0,31.0,64.0,5.0,0.0,4.0,5.0,0.0,1.0,1.0,0.0,3.0,4.0
CHEMBL1940688,4.49,143.95,221.78,92.42,520.24,4.0,2.0,7.0,0.0,7.0,37.0,73.0,6.0,2.0,3.0,4.0,1.0,0.0,0.0,1.0,3.0,4.0
CHEMBL2087282,6.31,127.07,187.89,49.77,423.18,9.0,1.0,3.0,0.0,4.0,32.0,57.0,4.0,4.0,0.0,0.0,0.0,0.0,0.0,4.0,0.0,0.0
CHEMBL1479,4.22,96.35,149.41,46.26,337.2,0.0,1.0,3.0,0.0,3.0,25.0,52.0,5.0,1.0,3.0,4.0,1.0,0.0,0.0,0.0,3.0,4.0
CHEMBL429114,5.96,132.48,196.66,41.9,442.26,2.0,0.0,4.0,0.0,4.0,33.0,67.0,6.0,1.0,2.0,5.0,0.0,0.0,1.0,1.0,2.0,4.0
CHEMBL228326,4.2,94.21,147.33,68.15,344.16,4.0,2.0,5.0,0.0,5.0,25.0,49.0,3.0,2.0,1.0,1.0,0.0,1.0,1.0,2.0,0.0,0.0
CHEMBL559942,5.2,133.32,206.52,70.39,496.21,10.0,2.0,5.0,1.0,9.0,36.0,63.0,4.0,4.0,0.0,0.0,1.0,0.0,0.0,3.0,0.0,0.0
CHEMBL1473,4.43,120.87,201.11,80.67,500.18,6.0,1.0,6.0,0.0,9.0,34.0,65.0,4.0,0.0,3.0,4.0,0.0,0.0,0.0,0.0,3.0,4.0
CHEMBL1835832,4.37,89.36,127.0,33.45,299.1,4.0,0.0,4.0,0.0,4.0,21.0,38.0,3.0,3.0,0.0,0.0,2.0,0.0,0.0,1.0,0.0,0.0
CHEMBL235689,5.56,101.47,171.04,53.25,429.11,7.0,1.0,3.0,0.0,8.0,29.0,49.0,2.0,2.0,0.0,0.0,0.0,0.0,0.0,2.0,0.0,0.0
CHEMBL235688,6.34,101.77,170.58,29.46,438.08,7.0,1.0,2.0,0.0,8.0,28.0,48.0,2.0,2.0,0.0,0.0,0.0,0.0,0.0,2.0,0.0,0.0
CHEMBL1682439,5.44,100.78,154.54,48.05,376.12,1.0,3.0,2.0,0.0,6.0,26.0,45.0,4.0,3.0,0.0,1.0,1.0,0.0,1.0,2.0,0.0,0.0
CHEMBL510216,3.93,88.75,133.12,40.46,298.19,2.0,2.0,2.0,0.0,2.0,22.0,48.0,3.0,1.0,1.0,2.0,0.0,0.0,0.0,1.0,1.0,2.0
CHEMBL1086484,6.79,134.15,209.59,63.99,525.11,7.0,1.0,4.0,0.0,10.0,37.0,56.0,5.0,5.0,0.0,0.0,1.0,0.0,0.0,4.0,0.0,0.0
CHEMBL195723,4.6,105.42,163.51,36.28,378.17,3.0,0.0,4.0,0.0,5.0,28.0,51.0,5.0,2.0,2.0,3.0,1.0,1.0,1.0,1.0,1.0,2.0
CHEMBL370259,4.34,125.04,192.4,95.86,445.19,8.0,3.0,5.0,1.0,6.0,33.0,60.0,4.0,3.0,0.0,1.0,0.0,0.0,1.0,3.0,0.0,0.0
CHEMBL1668078,5.61,151.38,218.89,88.05,517.25,9.0,3.0,6.0,0.0,8.0,37.0,72.0,5.0,4.0,1.0,1.0,1.0,0.0,0.0,3.0,1.0,1.0
CHEMBL1094527,4.83,101.24,167.78,61.84,411.1,4.0,1.0,4.0,0.0,8.0,30.0,43.0,4.0,4.0,0.0,0.0,1.0,0.0,0.0,3.0,0.0,0.0
CHEMBL1094526,5.62,101.53,167.32,38.05,420.07,4.0,1.0,3.0,0.0,8.0,29.0,42.0,4.0,4.0,0.0,0.0,1.0,0.0,0.0,3.0,0.0,0.0
CHEMBL1682432,4.95,100.55,146.44,48.05,338.18,1.0,3.0,2.0,0.0,4.0,25.0,48.0,4.0,3.0,0.0,1.0,1.0,0.0,1.0,2.0,0.0,0.0
CHEMBL364031,4.05,96.3,151.47,36.28,352.16,2.0,0.0,4.0,0.0,5.0,26.0,47.0,5.0,2.0,2.0,3.0,1.0,1.0,1.0,1.0,1.0,2.0
CHEMBL2087288,8.26,142.34,228.12,49.77,632.98,9.0,1.0,3.0,0.0,9.0,37.0,57.0,4.0,4.0,0.0,0.0,0.0,0.0,0.0,4.0,0.0,0.0
CHEMBL551259,6.2,129.58,195.56,46.53,450.22,3.0,1.0,4.0,0.0,4.0,32.0,66.0,5.0,1.0,2.0,4.0,0.0,1.0,1.0,1.0,1.0,3.0
CHEMBL244535,6.83,134.27,196.54,67.79,459.15,3.0,2.0,6.0,0.0,6.0,33.0,58.0,5.0,3.0,0.0,2.0,1.0,0.0,2.0,2.0,0.0,0.0
CHEMBL559302,6.02,150.64,225.94,49.77,507.28,2.0,1.0,4.0,0.0,4.0,38.0,75.0,6.0,2.0,2.0,4.0,0.0,1.0,1.0,2.0,1.0,3.0
CHEMBL194301,5.1,134.47,209.29,95.86,491.21,8.0,3.0,5.0,1.0,7.0,36.0,66.0,4.0,3.0,0.0,1.0,0.0,0.0,1.0,3.0,0.0,0.0
CHEMBL371311,3.49,87.18,139.43,36.28,326.14,1.0,0.0,4.0,0.0,5.0,24.0,43.0,5.0,2.0,2.0,3.0,1.0,1.0,1.0,1.0,1.0,2.0
CHEMBL196051,4.48,124.99,196.56,95.86,463.18,8.0,3.0,5.0,1.0,7.0,34.0,60.0,4.0,3.0,0.0,1.0,0.0,0.0,1.0,3.0,0.0,0.0
CHEMBL2087283,7.84,142.47,215.63,49.77,579.0,9.0,1.0,3.0,0.0,6.0,34.0,57.0,4.0,4.0,0.0,0.0,0.0,0.0,0.0,4.0,0.0,0.0
CHEMBL1085853,5.15,112.33,180.9,63.99,463.1,6.0,1.0,4.0,0.0,10.0,32.0,49.0,4.0,4.0,0.0,0.0,1.0,0.0,0.0,3.0,0.0,0.0
CHEMBL221646,5.5,128.17,200.77,55.76,464.24,3.0,1.0,4.0,0.0,5.0,34.0,67.0,5.0,1.0,2.0,4.0,0.0,0.0,0.0,1.0,2.0,4.0
CHEMBL1668073,5.61,151.38,218.89,88.05,517.25,9.0,3.0,6.0,0.0,8.0,37.0,72.0,5.0,4.0,1.0,1.0,1.0,0.0,0.0,3.0,1.0,1.0
CHEMBL2023621,5.49,174.02,269.69,121.1,640.25,5.0,3.0,8.0,0.0,10.0,46.0,83.0,8.0,4.0,3.0,4.0,2.0,0.0,0.0,2.0,3.0,4.0
CHEMBL2023620,5.05,153.69,242.85,101.13,574.24,5.0,2.0,8.0,0.0,9.0,41.0,76.0,7.0,3.0,3.0,4.0,2.0,0.0,0.0,1.0,3.0,4.0
CHEMBL1668077,5.86,153.49,219.89,88.05,519.27,9.0,3.0,6.0,0.0,8.0,37.0,74.0,4.0,4.0,0.0,0.0,1.0,0.0,0.0,3.0,0.0,0.0
CHEMBL1381098,3.57,58.63,81.73,12.36,185.03,1.0,0.0,2.0,0.0,2.0,13.0,20.0,2.0,2.0,0.0,0.0,0.0,0.0,0.0,2.0,0.0,0.0
CHEMBL393819,5.37,115.18,178.7,42.23,429.19,6.0,1.0,3.0,0.0,6.0,31.0,57.0,4.0,3.0,0.0,1.0,1.0,0.0,0.0,2.0,0.0,1.0
CHEMBL2087284,7.98,142.43,219.79,49.77,597.0,9.0,1.0,3.0,0.0,7.0,35.0,57.0,4.0,4.0,0.0,0.0,0.0,0.0,0.0,4.0,0.0,0.0
CHEMBL541765,4.63,307.79,476.29,281.7,1149.47,25.0,9.0,17.0,5.0,25.0,81.0,149.0,9.0,5.0,3.0,4.0,5.0,0.0,0.0,0.0,3.0,4.0
CHEMBL428011,4.79,133.5,202.61,49.77,457.26,2.0,1.0,4.0,0.0,4.0,34.0,69.0,6.0,1.0,3.0,5.0,0.0,0.0,1.0,1.0,3.0,4.0
CHEMBL428012,4.2,137.26,208.73,59.0,475.27,3.0,1.0,5.0,0.0,5.0,35.0,72.0,5.0,1.0,2.0,4.0,0.0,0.0,1.0,1.0,2.0,3.0
CHEMBL236229,6.01,117.2,179.87,45.15,428.21,7.0,2.0,3.0,0.0,6.0,31.0,58.0,4.0,3.0,0.0,1.0,1.0,0.0,0.0,2.0,0.0,1.0
CHEMBL1083709,6.0,119.14,187.27,63.99,477.11,6.0,1.0,4.0,0.0,10.0,33.0,52.0,4.0,4.0,0.0,0.0,1.0,0.0,0.0,3.0,0.0,0.0
CHEMBL439234,6.35,137.1,203.02,41.9,456.28,2.0,0.0,4.0,0.0,4.0,34.0,70.0,6.0,1.0,2.0,5.0,0.0,0.0,1.0,1.0,2.0,4.0
CHEMBL1762209,5.51,119.49,179.66,69.64,427.21,4.0,3.0,4.0,0.0,7.0,31.0,58.0,4.0,3.0,0.0,1.0,1.0,0.0,1.0,2.0,0.0,0.0
CHEMBL549778,5.96,142.86,218.93,55.76,494.25,2.0,1.0,4.0,0.0,4.0,37.0,71.0,6.0,2.0,2.0,4.0,0.0,1.0,1.0,2.0,1.0,3.0
CHEMBL392309,5.8,99.45,163.85,29.46,448.07,7.0,1.0,2.0,0.0,7.0,27.0,48.0,2.0,2.0,0.0,0.0,0.0,0.0,0.0,2.0,0.0,0.0
CHEMBL550258,5.65,138.02,217.05,70.39,528.21,10.0,2.0,5.0,1.0,10.0,38.0,66.0,4.0,4.0,0.0,0.0,1.0,0.0,0.0,3.0,0.0,0.0
CHEMBL235063,5.56,101.47,171.04,53.25,429.11,7.0,1.0,3.0,0.0,8.0,29.0,49.0,2.0,2.0,0.0,0.0,0.0,0.0,0.0,2.0,0.0,0.0
CHEMBL392499,6.0,101.49,166.65,29.46,418.13,7.0,1.0,2.0,0.0,7.0,28.0,51.0,2.0,2.0,0.0,0.0,0.0,0.0,0.0,2.0,0.0,0.0
CHEMBL1370,2.72,112.87,183.23,93.06,430.24,4.0,2.0,6.0,0.0,6.0,31.0,65.0,5.0,0.0,4.0,5.0,0.0,1.0,1.0,0.0,3.0,4.0
CHEMBL1501,2.94,118.42,202.4,99.13,494.21,4.0,1.0,7.0,0.0,9.0,35.0,67.0,5.0,0.0,4.0,5.0,0.0,1.0,1.0,0.0,3.0,4.0
CHEMBL388432,4.14,102.4,153.05,61.96,374.15,5.0,2.0,2.0,0.0,6.0,26.0,49.0,3.0,3.0,0.0,0.0,1.0,0.0,0.0,2.0,0.0,0.0
CHEMBL1504,2.42,108.6,181.03,93.06,434.21,2.0,2.0,6.0,0.0,7.0,31.0,62.0,5.0,0.0,4.0,5.0,0.0,1.0,1.0,0.0,3.0,4.0
CHEMBL483096,1.82,97.05,158.05,100.62,377.2,1.0,3.0,4.0,1.0,6.0,27.0,55.0,4.0,0.0,3.0,4.0,0.0,0.0,0.0,0.0,3.0,4.0
CHEMBL1254734,4.91,101.4,165.09,58.14,410.16,7.0,2.0,3.0,0.0,8.0,29.0,51.0,3.0,3.0,0.0,0.0,2.0,0.0,0.0,1.0,0.0,0.0
CHEMBL1254735,4.91,101.4,165.09,58.14,410.16,7.0,2.0,3.0,0.0,8.0,29.0,51.0,3.0,3.0,0.0,0.0,2.0,0.0,0.0,1.0,0.0,0.0
CHEMBL2022655,6.77,166.5,257.07,101.38,601.3,5.0,2.0,8.0,0.0,8.0,43.0,86.0,8.0,3.0,4.0,5.0,2.0,0.0,0.0,1.0,4.0,5.0
CHEMBL2022654,6.52,173.2,264.06,93.17,614.33,5.0,2.0,8.0,0.0,8.0,44.0,90.0,8.0,3.0,4.0,5.0,2.0,0.0,0.0,1.0,4.0,5.0
CHEMBL2022656,5.65,163.51,254.16,114.27,596.25,5.0,2.0,9.0,0.0,9.0,43.0,79.0,8.0,4.0,3.0,4.0,3.0,0.0,0.0,1.0,3.0,4.0
CHEMBL2022651,3.32,128.06,199.86,95.58,462.25,3.0,3.0,6.0,0.0,6.0,34.0,68.0,6.0,2.0,3.0,4.0,1.0,0.0,0.0,1.0,3.0,4.0
CHEMBL1762199,5.06,99.52,149.41,49.41,355.15,2.0,2.0,3.0,0.0,6.0,26.0,45.0,4.0,3.0,0.0,1.0,1.0,0.0,1.0,2.0,0.0,0.0
CHEMBL2022653,6.0,172.42,261.93,93.17,608.28,5.0,2.0,8.0,0.0,8.0,44.0,84.0,8.0,4.0,3.0,4.0,2.0,0.0,0.0,2.0,3.0,4.0
CHEMBL1097475,4.56,96.1,148.69,38.05,350.12,3.0,1.0,3.0,0.0,5.0,26.0,42.0,4.0,4.0,0.0,0.0,1.0,0.0,0.0,3.0,0.0,0.0
CHEMBL2022658,6.03,156.72,241.59,88.24,561.3,5.0,2.0,7.0,0.0,7.0,40.0,83.0,7.0,2.0,4.0,5.0,2.0,0.0,0.0,0.0,4.0,5.0
CHEMBL221545,5.37,134.76,208.08,64.99,476.26,4.0,1.0,5.0,0.0,5.0,35.0,71.0,5.0,1.0,2.0,4.0,0.0,0.0,0.0,1.0,2.0,4.0
CHEMBL327757,6.43,131.2,194.5,48.95,443.21,5.0,1.0,5.0,0.0,5.0,33.0,62.0,5.0,3.0,0.0,2.0,0.0,0.0,2.0,3.0,0.0,0.0
CHEMBL1911656,5.45,106.25,171.23,45.25,421.17,6.0,2.0,2.0,0.0,7.0,30.0,53.0,4.0,3.0,0.0,1.0,1.0,0.0,1.0,2.0,0.0,0.0
CHEMBL194059,4.05,96.3,151.47,36.28,352.16,2.0,0.0,4.0,0.0,5.0,26.0,47.0,5.0,2.0,2.0,3.0,1.0,1.0,1.0,1.0,1.0,2.0
CHEMBL235480,6.34,101.77,170.58,29.46,438.08,7.0,1.0,2.0,0.0,8.0,28.0,48.0,2.0,2.0,0.0,0.0,0.0,0.0,0.0,2.0,0.0,0.0
CHEMBL1911654,5.39,108.32,176.63,69.04,434.16,7.0,2.0,3.0,0.0,8.0,31.0,53.0,3.0,3.0,0.0,0.0,1.0,0.0,0.0,2.0,0.0,0.0
CHEMBL503041,4.6,148.25,240.9,112.93,569.32,6.0,3.0,6.0,1.0,8.0,41.0,85.0,8.0,0.0,7.0,8.0,0.0,0.0,0.0,0.0,7.0,8.0
CHEMBL2023241,6.14,172.37,266.1,93.17,626.27,5.0,2.0,8.0,0.0,9.0,45.0,84.0,8.0,4.0,3.0,4.0,2.0,0.0,0.0,2.0,3.0,4.0
CHEMBL551816,6.34,138.56,224.92,70.39,568.11,10.0,2.0,5.0,1.0,12.0,38.0,60.0,4.0,4.0,0.0,0.0,1.0,0.0,0.0,3.0,0.0,0.0
CHEMBL2023240,6.15,166.05,258.94,97.47,613.24,5.0,2.0,8.0,0.0,9.0,44.0,80.0,8.0,4.0,3.0,4.0,2.0,0.0,0.0,2.0,3.0,4.0
CHEMBL2024020,4.86,144.11,222.47,92.42,522.26,4.0,2.0,7.0,0.0,7.0,37.0,75.0,6.0,2.0,3.0,4.0,1.0,0.0,0.0,1.0,3.0,4.0
CHEMBL2024021,4.72,132.79,209.11,100.63,495.21,4.0,2.0,7.0,0.0,7.0,35.0,68.0,6.0,2.0,3.0,4.0,1.0,0.0,0.0,1.0,3.0,4.0
CHEMBL2024022,4.65,130.37,204.01,87.49,489.2,4.0,2.0,7.0,0.0,7.0,33.0,68.0,5.0,1.0,3.0,4.0,1.0,0.0,0.0,0.0,3.0,4.0
CHEMBL2024023,5.13,140.52,216.32,87.49,505.23,4.0,2.0,6.0,0.0,6.0,36.0,71.0,6.0,2.0,3.0,4.0,1.0,0.0,0.0,1.0,3.0,4.0
CHEMBL196975,7.0,128.69,196.72,36.28,452.28,7.0,0.0,4.0,0.0,5.0,33.0,70.0,5.0,2.0,2.0,3.0,1.0,1.0,1.0,1.0,1.0,2.0
CHEMBL1911651,5.66,103.56,170.03,45.25,427.16,7.0,2.0,2.0,0.0,8.0,30.0,52.0,3.0,3.0,0.0,0.0,1.0,0.0,0.0,2.0,0.0,0.0
CHEMBL2024026,4.59,136.2,213.18,100.38,512.18,4.0,2.0,8.0,0.0,8.0,35.0,67.0,6.0,2.0,3.0,4.0,2.0,0.0,0.0,0.0,3.0,4.0
CHEMBL2024027,4.63,138.51,220.68,113.52,522.22,5.0,2.0,8.0,0.0,8.0,37.0,71.0,6.0,2.0,3.0,4.0,1.0,0.0,0.0,1.0,3.0,4.0
CHEMBL330638,7.07,128.17,184.27,30.49,411.22,2.0,1.0,3.0,0.0,3.0,31.0,60.0,5.0,3.0,0.0,2.0,0.0,0.0,2.0,3.0,0.0,0.0
CHEMBL2024029,4.29,127.75,200.0,87.49,469.23,4.0,2.0,6.0,0.0,6.0,33.0,68.0,5.0,1.0,3.0,4.0,1.0,0.0,0.0,0.0,3.0,4.0
CHEMBL1911650,5.39,108.32,176.63,69.04,434.16,7.0,2.0,3.0,0.0,8.0,31.0,53.0,3.0,3.0,0.0,0.0,1.0,0.0,0.0,2.0,0.0,0.0
CHEMBL1254420,4.84,104.04,170.45,58.14,422.16,6.0,2.0,3.0,0.0,8.0,30.0,52.0,4.0,3.0,0.0,1.0,2.0,0.0,1.0,1.0,0.0,0.0
CHEMBL396997,6.26,116.23,160.9,21.26,365.18,6.0,1.0,3.0,0.0,3.0,26.0,53.0,3.0,2.0,0.0,1.0,0.0,0.0,1.0,2.0,0.0,0.0
CHEMBL2023233,6.74,177.87,271.27,97.47,641.24,6.0,2.0,9.0,0.0,9.0,45.0,84.0,8.0,4.0,3.0,4.0,2.0,0.0,0.0,2.0,3.0,4.0
CHEMBL2023234,6.12,169.12,259.01,101.13,612.22,5.0,2.0,9.0,0.0,9.0,43.0,79.0,8.0,4.0,3.0,4.0,3.0,0.0,0.0,1.0,3.0,4.0
CHEMBL2023235,6.09,169.07,260.66,97.47,619.25,5.0,2.0,9.0,0.0,9.0,43.0,84.0,8.0,3.0,4.0,5.0,2.0,1.0,1.0,1.0,3.0,4.0
CHEMBL2023239,6.87,171.28,263.95,88.24,629.22,5.0,2.0,8.0,0.0,9.0,44.0,80.0,8.0,4.0,3.0,4.0,2.0,0.0,0.0,2.0,3.0,4.0
CHEMBL456237,6.7,100.64,166.7,17.82,422.06,4.0,0.0,2.0,0.0,8.0,29.0,41.0,4.0,4.0,0.0,0.0,1.0,0.0,0.0,3.0,0.0,0.0
CHEMBL193523,4.79,129.73,202.93,95.86,477.2,8.0,3.0,5.0,1.0,7.0,35.0,63.0,4.0,3.0,0.0,1.0,0.0,0.0,1.0,3.0,0.0,0.0
CHEMBL1911659,5.18,111.01,177.82,69.04,428.17,6.0,2.0,3.0,0.0,7.0,31.0,54.0,4.0,3.0,0.0,1.0,1.0,0.0,1.0,2.0,0.0,0.0
CHEMBL556793,4.74,374.39,577.85,343.14,1390.65,39.0,11.0,20.0,7.0,30.0,98.0,189.0,9.0,5.0,3.0,4.0,5.0,0.0,0.0,0.0,3.0,4.0
CHEMBL232428,6.08,151.33,229.88,49.77,527.22,2.0,1.0,4.0,0.0,5.0,38.0,72.0,6.0,2.0,2.0,4.0,0.0,0.0,1.0,2.0,2.0,3.0
CHEMBL382785,6.93,131.58,183.92,21.26,415.2,7.0,1.0,3.0,0.0,3.0,30.0,59.0,4.0,3.0,0.0,1.0,0.0,0.0,1.0,3.0,0.0,0.0
CHEMBL370194,5.05,105.6,164.89,36.28,382.21,3.0,0.0,4.0,0.0,5.0,28.0,55.0,5.0,2.0,2.0,3.0,1.0,1.0,1.0,1.0,1.0,2.0
CHEMBL370624,4.34,125.04,192.4,95.86,445.19,8.0,3.0,5.0,1.0,6.0,33.0,60.0,4.0,3.0,0.0,1.0,0.0,0.0,1.0,3.0,0.0,0.0
CHEMBL1917243,5.28,138.75,218.12,87.49,529.18,4.0,2.0,7.0,0.0,8.0,36.0,68.0,6.0,2.0,3.0,4.0,1.0,0.0,0.0,1.0,3.0,4.0
CHEMBL193703,3.52,108.77,175.12,54.74,414.2,5.0,0.0,6.0,0.0,7.0,30.0,57.0,5.0,2.0,2.0,3.0,1.0,1.0,1.0,1.0,1.0,2.0
CHEMBL193704,4.05,96.3,151.47,36.28,352.16,2.0,0.0,4.0,0.0,5.0,26.0,47.0,5.0,2.0,2.0,3.0,1.0,1.0,1.0,1.0,1.0,2.0
CHEMBL395341,4.14,102.4,153.05,61.96,374.15,5.0,2.0,2.0,0.0,6.0,26.0,49.0,3.0,3.0,0.0,0.0,1.0,0.0,0.0,2.0,0.0,0.0
CHEMBL236018,6.26,118.43,185.44,59.81,440.21,6.0,2.0,2.0,0.0,6.0,32.0,59.0,4.0,3.0,0.0,1.0,1.0,0.0,0.0,2.0,0.0,1.0
CHEMBL1200600,2.92,98.53,159.08,74.6,376.2,1.0,2.0,4.0,0.0,5.0,27.0,56.0,4.0,0.0,3.0,4.0,0.0,0.0,0.0,0.0,3.0,4.0
CHEMBL1917246,5.25,143.48,227.96,87.49,559.17,4.0,2.0,7.0,0.0,9.0,38.0,69.0,6.0,2.0,3.0,4.0,1.0,0.0,0.0,1.0,3.0,4.0
CHEMBL195654,5.05,105.6,164.89,36.28,382.21,1.0,0.0,4.0,0.0,5.0,28.0,55.0,5.0,2.0,2.0,3.0,1.0,1.0,1.0,1.0,1.0,2.0
CHEMBL221686,5.35,121.66,185.13,46.53,416.24,2.0,1.0,3.0,0.0,3.0,31.0,63.0,5.0,1.0,2.0,4.0,0.0,0.0,0.0,1.0,2.0,4.0
CHEMBL499630,3.82,131.73,212.09,112.93,505.28,9.0,3.0,6.0,1.0,8.0,36.0,76.0,4.0,0.0,3.0,4.0,0.0,0.0,0.0,0.0,3.0,4.0
CHEMBL497472,3.43,127.1,205.73,112.93,491.27,6.0,3.0,6.0,1.0,8.0,35.0,73.0,4.0,0.0,3.0,4.0,0.0,0.0,0.0,0.0,3.0,4.0
CHEMBL1254494,5.36,109.1,176.59,58.14,438.13,6.0,2.0,3.0,0.0,8.0,30.0,52.0,4.0,3.0,0.0,1.0,2.0,0.0,1.0,1.0,0.0,0.0
CHEMBL1911657,5.62,111.03,173.43,45.25,417.19,6.0,2.0,2.0,0.0,6.0,30.0,56.0,4.0,3.0,0.0,1.0,1.0,0.0,1.0,2.0,0.0,0.0
CHEMBL1257453,5.15,106.95,170.74,65.38,422.16,7.0,3.0,4.0,0.0,8.0,30.0,52.0,3.0,3.0,0.0,0.0,1.0,0.0,0.0,2.0,0.0,0.0
CHEMBL1911655,5.31,106.29,167.06,45.25,403.18,6.0,2.0,2.0,0.0,6.0,29.0,53.0,4.0,3.0,0.0,1.0,1.0,0.0,1.0,2.0,0.0,0.0
CHEMBL218214,6.06,126.89,190.14,37.3,432.21,2.0,1.0,3.0,0.0,3.0,31.0,63.0,5.0,1.0,2.0,4.0,0.0,0.0,0.0,1.0,2.0,4.0
CHEMBL1911653,6.54,108.6,184.73,45.25,477.15,8.0,2.0,2.0,0.0,10.0,33.0,55.0,3.0,3.0,0.0,0.0,1.0,0.0,0.0,2.0,0.0,0.0
CHEMBL1257454,5.76,116.57,183.79,54.38,450.19,8.0,2.0,4.0,0.0,8.0,32.0,58.0,3.0,3.0,0.0,0.0,1.0,0.0,0.0,2.0,0.0,0.0
CHEMBL394860,6.08,151.33,229.88,49.77,527.22,2.0,1.0,4.0,0.0,5.0,38.0,72.0,6.0,2.0,2.0,4.0,0.0,0.0,1.0,2.0,2.0,3.0
CHEMBL193798,7.37,140.43,215.91,36.28,492.22,3.0,0.0,4.0,0.0,5.0,37.0,66.0,7.0,4.0,2.0,3.0,1.0,1.0,1.0,3.0,1.0,2.0
CHEMBL1911658,6.07,113.99,180.93,45.25,481.09,6.0,2.0,2.0,0.0,7.0,30.0,53.0,4.0,3.0,0.0,1.0,1.0,0.0,1.0,2.0,0.0,0.0
CHEMBL2024024,4.52,138.32,215.54,100.38,506.22,4.0,2.0,7.0,0.0,7.0,36.0,70.0,6.0,2.0,3.0,4.0,1.0,0.0,0.0,1.0,3.0,4.0
CHEMBL1917249,6.59,162.43,255.02,106.7,599.23,7.0,1.0,8.0,0.0,8.0,43.0,80.0,7.0,3.0,3.0,4.0,2.0,0.0,0.0,1.0,3.0,4.0
CHEMBL552769,5.33,407.76,628.77,377.17,1512.7,42.0,12.0,22.0,8.0,33.0,107.0,204.0,10.0,6.0,3.0,4.0,6.0,0.0,0.0,0.0,3.0,4.0
CHEMBL241694,3.88,90.49,139.28,37.3,312.21,0.0,1.0,2.0,0.0,2.0,23.0,51.0,4.0,0.0,3.0,4.0,0.0,0.0,0.0,0.0,3.0,4.0
CHEMBL538939,4.04,274.43,425.37,247.67,1027.42,22.0,8.0,15.0,4.0,22.0,72.0,134.0,8.0,4.0,3.0,4.0,4.0,0.0,0.0,0.0,3.0,4.0
CHEMBL1258901,6.76,107.38,187.04,40.46,480.19,5.0,2.0,2.0,0.0,9.0,33.0,60.0,4.0,1.0,2.0,3.0,0.0,0.0,0.0,1.0,2.0,3.0
CHEMBL561475,5.34,133.28,210.68,70.39,514.2,10.0,2.0,5.0,1.0,10.0,37.0,63.0,4.0,4.0,0.0,0.0,1.0,0.0,0.0,3.0,0.0,0.0
CHEMBL1911544,5.66,103.56,170.03,45.25,427.16,7.0,2.0,2.0,0.0,8.0,30.0,52.0,3.0,3.0,0.0,0.0,1.0,0.0,0.0,2.0,0.0,0.0
CHEMBL242821,6.44,151.32,238.44,49.77,561.25,3.0,1.0,4.0,0.0,7.0,41.0,75.0,6.0,2.0,2.0,4.0,0.0,0.0,1.0,2.0,2.0,3.0
CHEMBL373083,4.79,129.73,202.93,95.86,477.2,8.0,3.0,5.0,1.0,7.0,35.0,63.0,4.0,3.0,0.0,1.0,0.0,0.0,1.0,3.0,0.0,0.0
CHEMBL429987,4.91,96.46,160.74,53.25,395.15,7.0,1.0,3.0,0.0,7.0,28.0,49.0,2.0,2.0,0.0,0.0,0.0,0.0,0.0,2.0,0.0,0.0
CHEMBL222127,5.63,121.57,193.46,46.53,452.22,2.0,1.0,3.0,0.0,5.0,33.0,63.0,5.0,1.0,2.0,4.0,0.0,0.0,0.0,1.0,2.0,4.0
CHEMBL238044,6.19,109.25,172.66,29.46,420.17,7.0,1.0,2.0,0.0,6.0,30.0,54.0,3.0,3.0,0.0,0.0,0.0,0.0,0.0,3.0,0.0,0.0
CHEMBL1086260,7.45,142.71,222.53,55.2,553.14,7.0,0.0,4.0,0.0,10.0,39.0,62.0,5.0,5.0,0.0,0.0,1.0,0.0,0.0,4.0,0.0,0.0
CHEMBL1668069,4.44,147.84,218.24,110.16,540.19,8.0,2.0,7.0,0.0,10.0,37.0,69.0,4.0,4.0,0.0,0.0,1.0,0.0,0.0,3.0,0.0,0.0
CHEMBL551863,5.95,134.81,203.24,38.77,459.28,2.0,0.0,4.0,0.0,4.0,34.0,71.0,6.0,1.0,3.0,5.0,0.0,2.0,2.0,1.0,1.0,3.0
CHEMBL1095227,6.27,106.54,177.63,38.05,454.03,4.0,1.0,3.0,0.0,9.0,30.0,42.0,4.0,4.0,0.0,0.0,1.0,0.0,0.0,3.0,0.0,0.0
CHEMBL509182,4.39,142.2,228.05,112.93,539.27,7.0,3.0,6.0,1.0,8.0,39.0,77.0,5.0,1.0,3.0,4.0,0.0,0.0,0.0,1.0,3.0,4.0
CHEMBL392289,5.5,102.14,170.81,46.53,432.11,8.0,1.0,3.0,0.0,8.0,29.0,50.0,2.0,2.0,0.0,0.0,0.0,0.0,0.0,2.0,0.0,0.0
CHEMBL1095228,5.27,101.26,163.39,38.05,400.12,4.0,1.0,3.0,0.0,7.0,29.0,45.0,4.0,4.0,0.0,0.0,1.0,0.0,0.0,3.0,0.0,0.0
CHEMBL1668067,5.05,141.29,206.73,85.25,492.22,8.0,2.0,6.0,0.0,8.0,35.0,67.0,4.0,4.0,0.0,0.0,1.0,0.0,0.0,3.0,0.0,0.0
CHEMBL1668066,5.18,134.69,199.42,76.02,480.2,7.0,2.0,5.0,0.0,8.0,34.0,63.0,4.0,4.0,0.0,0.0,1.0,0.0,0.0,3.0,0.0,0.0
CHEMBL371988,4.66,100.99,158.53,36.28,368.19,1.0,0.0,4.0,0.0,5.0,27.0,52.0,5.0,2.0,2.0,3.0,1.0,1.0,1.0,1.0,1.0,2.0
CHEMBL374732,9.82,243.84,376.61,133.52,864.55,10.0,4.0,7.0,0.0,8.0,63.0,139.0,9.0,1.0,6.0,8.0,0.0,0.0,0.0,1.0,6.0,8.0
CHEMBL2022652,3.83,128.85,201.99,95.58,468.3,3.0,3.0,6.0,0.0,6.0,34.0,74.0,6.0,1.0,4.0,5.0,1.0,0.0,0.0,0.0,4.0,5.0
CHEMBL1682419,4.95,100.55,146.44,48.05,338.18,1.0,3.0,2.0,0.0,4.0,25.0,48.0,4.0,3.0,0.0,1.0,1.0,0.0,1.0,2.0,0.0,0.0
CHEMBL1254820,4.91,101.4,165.09,58.14,410.16,7.0,2.0,3.0,0.0,8.0,29.0,51.0,3.0,3.0,0.0,0.0,2.0,0.0,0.0,1.0,0.0,0.0
CHEMBL362988,4.66,100.99,158.53,36.28,368.19,1.0,0.0,4.0,0.0,5.0,27.0,52.0,5.0,2.0,2.0,3.0,1.0,1.0,1.0,1.0,1.0,2.0
CHEMBL2022864,5.35,166.01,256.36,110.36,590.29,5.0,2.0,8.0,0.0,8.0,44.0,82.0,8.0,4.0,3.0,4.0,2.0,0.0,0.0,2.0,3.0,4.0
CHEMBL232250,5.04,103.26,160.69,61.96,415.99,5.0,2.0,2.0,0.0,8.0,25.0,40.0,3.0,3.0,0.0,0.0,1.0,0.0,0.0,2.0,0.0,0.0
CHEMBL1762203,6.88,118.35,178.81,49.41,431.16,3.0,2.0,3.0,0.0,7.0,30.0,54.0,4.0,3.0,0.0,1.0,1.0,0.0,1.0,2.0,0.0,0.0
CHEMBL553440,4.85,352.15,542.68,314.04,1305.6,34.0,10.0,19.0,6.0,28.0,92.0,176.0,9.0,5.0,3.0,4.0,5.0,0.0,0.0,0.0,3.0,4.0
CHEMBL553441,3.39,236.5,373.88,235.64,894.42,16.0,7.0,13.0,5.0,19.0,65.0,120.0,8.0,4.0,3.0,4.0,4.0,0.0,0.0,0.0,3.0,4.0
CHEMBL232847,5.73,151.05,225.94,49.77,507.28,2.0,1.0,4.0,0.0,4.0,38.0,75.0,6.0,2.0,2.0,4.0,0.0,0.0,1.0,2.0,2.0,3.0
CHEMBL195962,5.35,135.5,208.88,112.66,496.24,8.0,3.0,6.0,1.0,8.0,36.0,69.0,4.0,3.0,1.0,1.0,1.0,0.0,0.0,2.0,1.0,1.0
CHEMBL388363,4.87,102.9,155.59,36.92,356.2,6.0,0.0,4.0,0.0,4.0,26.0,54.0,3.0,2.0,1.0,1.0,0.0,0.0,0.0,2.0,1.0,1.0
CHEMBL195967,5.05,105.6,164.89,36.28,382.21,1.0,0.0,4.0,0.0,5.0,28.0,55.0,5.0,2.0,2.0,3.0,1.0,1.0,1.0,1.0,1.0,2.0
CHEMBL430004,7.25,134.68,195.58,30.49,447.2,7.0,1.0,3.0,0.0,4.0,32.0,62.0,4.0,3.0,0.0,1.0,0.0,0.0,1.0,3.0,0.0,0.0
CHEMBL244714,7.39,148.1,215.07,72.31,502.19,5.0,2.0,7.0,0.0,7.0,36.0,66.0,5.0,3.0,0.0,2.0,1.0,0.0,2.0,2.0,0.0,0.0
CHEMBL196509,3.88,91.8,145.8,36.28,340.16,1.0,0.0,4.0,0.0,5.0,25.0,46.0,5.0,2.0,2.0,3.0,1.0,1.0,1.0,1.0,1.0,2.0
CHEMBL559742,4.5,123.97,193.79,70.39,468.18,9.0,2.0,5.0,1.0,9.0,34.0,57.0,4.0,4.0,0.0,0.0,1.0,0.0,0.0,3.0,0.0,0.0
CHEMBL1644760,5.47,105.61,152.58,48.05,354.15,1.0,3.0,2.0,0.0,4.0,25.0,48.0,4.0,3.0,0.0,1.0,1.0,0.0,1.0,2.0,0.0,0.0
CHEMBL1644761,5.64,110.22,158.94,48.05,368.17,1.0,3.0,2.0,0.0,4.0,26.0,51.0,4.0,3.0,0.0,1.0,1.0,0.0,1.0,2.0,0.0,0.0
CHEMBL396451,6.19,154.02,233.45,49.77,571.17,2.0,1.0,4.0,0.0,5.0,38.0,72.0,6.0,2.0,2.0,4.0,0.0,0.0,1.0,2.0,2.0,3.0
CHEMBL282575,5.12,108.47,166.28,46.53,376.2,3.0,1.0,3.0,0.0,3.0,28.0,56.0,5.0,2.0,2.0,3.0,0.0,0.0,0.0,2.0,2.0,3.0
CHEMBL235280,6.5,113.99,179.02,29.46,434.19,7.0,1.0,2.0,0.0,6.0,31.0,57.0,3.0,3.0,0.0,0.0,0.0,0.0,0.0,3.0,0.0,0.0
CHEMBL1254345,4.93,117.58,187.74,94.92,456.18,7.0,3.0,5.0,0.0,9.0,33.0,56.0,4.0,4.0,0.0,0.0,3.0,0.0,0.0,1.0,0.0,0.0
CHEMBL1254344,5.53,119.78,188.52,82.03,455.18,7.0,3.0,4.0,0.0,8.0,33.0,57.0,4.0,4.0,0.0,0.0,3.0,0.0,0.0,1.0,0.0,0.0
CHEMBL1254264,5.23,122.47,194.42,83.92,470.19,8.0,2.0,5.0,0.0,9.0,34.0,59.0,4.0,4.0,0.0,0.0,3.0,0.0,0.0,1.0,0.0,0.0
CHEMBL1254265,6.14,121.99,189.3,69.14,454.19,7.0,3.0,3.0,0.0,7.0,33.0,58.0,4.0,4.0,0.0,0.0,2.0,0.0,0.0,2.0,0.0,0.0
CHEMBL2022862,6.06,171.24,261.37,101.13,606.27,5.0,2.0,8.0,0.0,8.0,44.0,82.0,8.0,4.0,3.0,4.0,2.0,0.0,0.0,2.0,3.0,4.0
CHEMBL2022863,6.58,172.02,263.49,101.13,612.31,5.0,2.0,8.0,0.0,8.0,44.0,88.0,8.0,3.0,4.0,5.0,2.0,0.0,0.0,1.0,4.0,5.0
CHEMBL394344,7.07,135.0,190.95,30.49,425.24,7.0,1.0,3.0,0.0,3.0,32.0,63.0,4.0,3.0,0.0,1.0,0.0,0.0,1.0,3.0,0.0,0.0
CHEMBL394345,6.6,129.67,185.28,30.49,413.24,7.0,1.0,3.0,0.0,3.0,31.0,62.0,4.0,3.0,0.0,1.0,0.0,0.0,1.0,3.0,0.0,0.0
CHEMBL394343,6.32,118.95,168.62,30.49,377.24,6.0,1.0,3.0,0.0,3.0,28.0,59.0,3.0,2.0,0.0,1.0,0.0,0.0,1.0,2.0,0.0,0.0
CHEMBL1083149,6.65,128.72,203.23,63.99,511.1,6.0,1.0,4.0,0.0,10.0,36.0,53.0,5.0,5.0,0.0,0.0,1.0,0.0,0.0,4.0,0.0,0.0
CHEMBL2022865,6.71,164.07,251.96,88.24,595.29,5.0,2.0,8.0,0.0,8.0,41.0,86.0,7.0,2.0,4.0,5.0,2.0,0.0,0.0,0.0,4.0,5.0
CHEMBL95644,7.47,123.7,190.4,30.49,451.18,3.0,1.0,3.0,0.0,6.0,33.0,57.0,5.0,3.0,0.0,2.0,0.0,0.0,2.0,3.0,0.0,0.0
CHEMBL1940547,4.91,140.43,215.63,87.49,503.21,4.0,2.0,6.0,0.0,6.0,36.0,69.0,6.0,2.0,3.0,4.0,1.0,0.0,0.0,1.0,3.0,4.0
CHEMBL211441,5.83,134.4,212.41,92.43,516.22,9.0,2.0,5.0,1.0,9.0,37.0,68.0,4.0,3.0,0.0,1.0,1.0,0.0,0.0,2.0,0.0,1.0
CHEMBL1766,2.78,98.48,159.08,74.6,376.2,2.0,2.0,4.0,0.0,5.0,27.0,56.0,4.0,0.0,3.0,4.0,0.0,0.0,0.0,0.0,3.0,4.0
CHEMBL691,3.61,86.51,132.11,40.46,296.18,0.0,2.0,2.0,0.0,2.0,22.0,46.0,4.0,1.0,2.0,3.0,0.0,0.0,0.0,1.0,2.0,3.0
CHEMBL564923,6.3,430.14,664.21,412.89,1600.67,39.0,13.0,24.0,9.0,36.0,114.0,207.0,12.0,8.0,3.0,4.0,8.0,0.0,0.0,0.0,3.0,4.0
CHEMBL391076,5.69,96.76,160.28,29.46,404.12,7.0,1.0,2.0,0.0,7.0,27.0,48.0,2.0,2.0,0.0,0.0,0.0,0.0,0.0,2.0,0.0,0.0
CHEMBL525923,3.04,122.48,199.36,112.93,477.25,6.0,3.0,6.0,1.0,8.0,34.0,70.0,4.0,0.0,3.0,4.0,0.0,0.0,0.0,0.0,3.0,4.0
CHEMBL1940549,4.3,138.22,214.85,100.38,504.21,4.0,2.0,7.0,0.0,7.0,36.0,68.0,6.0,2.0,3.0,4.0,1.0,0.0,0.0,1.0,3.0,4.0
CHEMBL393392,5.65,101.22,162.71,29.46,398.19,7.0,1.0,2.0,0.0,6.0,28.0,54.0,2.0,2.0,0.0,0.0,0.0,0.0,0.0,2.0,0.0,0.0
CHEMBL1257221,4.72,115.11,186.71,84.59,468.17,8.0,2.0,6.0,0.0,10.0,33.0,57.0,3.0,3.0,0.0,0.0,1.0,0.0,0.0,2.0,0.0,0.0
CHEMBL556523,6.51,474.49,730.61,445.23,1756.79,48.0,14.0,26.0,10.0,39.0,125.0,234.0,12.0,8.0,3.0,4.0,8.0,0.0,0.0,0.0,3.0,4.0
CHEMBL373841,5.37,134.76,208.08,64.99,476.26,4.0,1.0,5.0,0.0,5.0,35.0,71.0,5.0,1.0,2.0,4.0,0.0,0.0,0.0,1.0,2.0,4.0
CHEMBL563595,4.89,128.58,200.15,70.39,482.19,10.0,2.0,5.0,1.0,9.0,35.0,60.0,4.0,4.0,0.0,0.0,1.0,0.0,0.0,3.0,0.0,0.0
CHEMBL393551,5.62,112.59,173.51,45.15,414.19,6.0,2.0,3.0,0.0,6.0,30.0,55.0,4.0,3.0,0.0,1.0,1.0,0.0,0.0,2.0,0.0,1.0
CHEMBL1253898,4.61,96.51,158.4,69.14,396.15,6.0,3.0,3.0,0.0,8.0,28.0,48.0,3.0,3.0,0.0,0.0,2.0,0.0,0.0,1.0,0.0,0.0
CHEMBL1253899,4.61,96.51,158.4,69.14,396.15,6.0,3.0,3.0,0.0,8.0,28.0,48.0,3.0,3.0,0.0,0.0,2.0,0.0,0.0,1.0,0.0,0.0
CHEMBL384444,10.87,259.81,398.94,133.52,912.55,11.0,4.0,7.0,0.0,8.0,67.0,143.0,10.0,2.0,6.0,8.0,0.0,0.0,0.0,2.0,6.0,8.0
CHEMBL1760023,4.34,105.64,160.57,69.64,385.16,2.0,3.0,4.0,0.0,7.0,28.0,49.0,4.0,3.0,0.0,1.0,1.0,0.0,1.0,2.0,0.0,0.0
CHEMBL453579,7.42,117.61,176.2,21.26,407.21,1.0,1.0,2.0,0.0,4.0,30.0,57.0,5.0,2.0,0.0,3.0,0.0,0.0,2.0,2.0,0.0,1.0
CHEMBL397212,5.3,151.03,230.34,73.56,518.26,2.0,1.0,5.0,0.0,5.0,39.0,73.0,6.0,2.0,2.0,4.0,0.0,0.0,1.0,2.0,2.0,3.0
CHEMBL1094536,5.4,108.44,184.1,61.84,465.07,4.0,1.0,4.0,0.0,10.0,32.0,45.0,4.0,4.0,0.0,0.0,1.0,0.0,0.0,3.0,0.0,0.0
CHEMBL395506,5.68,109.68,160.06,30.49,367.19,6.0,1.0,3.0,0.0,4.0,27.0,53.0,3.0,2.0,0.0,1.0,0.0,0.0,1.0,2.0,0.0,0.0
CHEMBL233659,4.38,98.25,150.39,61.96,382.03,5.0,2.0,2.0,0.0,7.0,24.0,40.0,3.0,3.0,0.0,0.0,1.0,0.0,0.0,2.0,0.0,0.0
CHEMBL1083784,7.95,147.42,228.69,63.99,567.16,7.0,1.0,4.0,0.0,10.0,40.0,65.0,5.0,5.0,0.0,0.0,1.0,0.0,0.0,4.0,0.0,0.0
CHEMBL537949,3.66,285.42,440.85,245.98,1061.5,28.0,8.0,15.0,4.0,22.0,74.0,146.0,7.0,3.0,3.0,4.0,3.0,0.0,0.0,0.0,3.0,4.0
CHEMBL1083783,6.65,128.72,203.23,63.99,511.1,6.0,1.0,4.0,0.0,10.0,36.0,53.0,5.0,5.0,0.0,0.0,1.0,0.0,0.0,4.0,0.0,0.0
CHEMBL1201139,4.58,106.41,167.33,60.44,384.23,3.0,0.0,4.0,0.0,4.0,28.0,60.0,4.0,0.0,2.0,4.0,0.0,0.0,0.0,0.0,2.0,4.0
CHEMBL397920,7.0,143.49,208.71,72.31,488.18,4.0,2.0,7.0,0.0,7.0,35.0,63.0,5.0,3.0,0.0,2.0,1.0,0.0,2.0,2.0,0.0,0.0
CHEMBL498651,2.82,122.41,198.67,112.93,475.24,7.0,3.0,6.0,1.0,8.0,34.0,68.0,4.0,0.0,3.0,4.0,0.0,0.0,0.0,0.0,3.0,4.0
CHEMBL1682438,4.92,95.73,148.4,48.05,360.14,1.0,3.0,2.0,0.0,6.0,26.0,45.0,4.0,3.0,0.0,1.0,1.0,0.0,1.0,2.0,0.0,0.0
CHEMBL537887,6.1,116.93,172.21,30.49,403.17,6.0,1.0,3.0,0.0,5.0,28.0,55.0,3.0,2.0,0.0,1.0,0.0,0.0,1.0,2.0,0.0,0.0
CHEMBL1917413,6.11,152.27,242.7,106.7,583.21,7.0,1.0,9.0,0.0,9.0,40.0,77.0,6.0,2.0,3.0,4.0,2.0,0.0,0.0,0.0,3.0,4.0
CHEMBL245134,6.44,151.32,238.44,49.77,561.25,3.0,1.0,4.0,0.0,7.0,41.0,75.0,6.0,2.0,2.0,4.0,0.0,0.0,1.0,2.0,2.0,3.0
CHEMBL556231,5.31,128.46,212.65,70.39,536.16,10.0,2.0,5.0,1.0,12.0,38.0,60.0,4.0,4.0,0.0,0.0,1.0,0.0,0.0,3.0,0.0,0.0
CHEMBL97206,7.15,137.71,199.51,39.72,459.19,5.0,1.0,5.0,0.0,5.0,33.0,62.0,5.0,3.0,0.0,2.0,0.0,0.0,2.0,3.0,0.0,0.0
CHEMBL562337,3.68,131.72,215.36,113.24,552.16,10.0,2.0,8.0,0.0,14.0,38.0,62.0,4.0,4.0,0.0,0.0,2.0,0.0,0.0,2.0,0.0,0.0
CHEMBL1940692,4.55,142.77,221.21,100.38,518.22,4.0,2.0,7.0,0.0,7.0,37.0,71.0,6.0,2.0,3.0,4.0,1.0,0.0,0.0,1.0,3.0,4.0
CHEMBL391917,4.85,97.13,160.5,46.53,398.15,8.0,1.0,3.0,0.0,7.0,28.0,50.0,2.0,2.0,0.0,0.0,0.0,0.0,0.0,2.0,0.0,0.0
CHEMBL1085625,5.61,114.55,180.9,63.99,463.1,6.0,1.0,4.0,0.0,10.0,32.0,49.0,4.0,4.0,0.0,0.0,1.0,0.0,0.0,3.0,0.0,0.0
CHEMBL1940694,4.31,132.21,205.68,87.49,481.23,4.0,2.0,6.0,0.0,6.0,34.0,69.0,5.0,1.0,3.0,4.0,1.0,0.0,0.0,0.0,3.0,4.0
CHEMBL232219,5.56,146.28,223.74,49.77,511.25,2.0,1.0,4.0,0.0,5.0,38.0,72.0,6.0,2.0,2.0,4.0,0.0,0.0,1.0,2.0,2.0,3.0
CHEMBL245191,5.43,107.88,167.06,61.96,430.01,6.0,2.0,2.0,0.0,8.0,26.0,43.0,3.0,3.0,0.0,0.0,1.0,0.0,0.0,2.0,0.0,0.0
CHEMBL1940696,4.48,139.33,215.2,103.28,506.22,4.0,3.0,6.0,0.0,7.0,36.0,70.0,6.0,2.0,3.0,4.0,1.0,0.0,0.0,1.0,3.0,4.0
CHEMBL233038,4.37,106.93,155.24,61.96,370.17,6.0,2.0,2.0,0.0,5.0,26.0,52.0,3.0,3.0,0.0,0.0,1.0,0.0,0.0,2.0,0.0,0.0
CHEMBL231514,4.15,137.07,208.41,70.0,475.27,2.0,2.0,5.0,0.0,5.0,35.0,72.0,5.0,1.0,2.0,4.0,0.0,0.0,1.0,1.0,2.0,3.0
CHEMBL395051,7.33,130.71,187.4,30.49,419.28,7.0,1.0,3.0,0.0,3.0,31.0,68.0,4.0,2.0,1.0,2.0,0.0,0.0,1.0,2.0,1.0,1.0
CHEMBL390634,4.35,102.71,152.82,61.96,376.1,5.0,2.0,2.0,0.0,6.0,25.0,46.0,3.0,3.0,0.0,0.0,1.0,0.0,0.0,2.0,0.0,0.0
CHEMBL1201146,4.06,95.42,150.13,43.37,340.2,2.0,0.0,3.0,0.0,3.0,25.0,53.0,4.0,0.0,3.0,4.0,0.0,0.0,0.0,0.0,3.0,4.0
CHEMBL1082780,6.71,126.59,200.87,63.99,517.05,6.0,1.0,5.0,0.0,11.0,35.0,50.0,5.0,5.0,0.0,0.0,2.0,0.0,0.0,3.0,0.0,0.0
CHEMBL242675,6.74,129.63,189.44,30.49,431.23,7.0,1.0,3.0,0.0,4.0,32.0,62.0,4.0,3.0,0.0,1.0,0.0,0.0,1.0,3.0,0.0,0.0
CHEMBL194812,4.1,105.79,180.69,84.86,455.14,8.0,2.0,5.0,1.0,10.0,32.0,53.0,3.0,2.0,0.0,1.0,0.0,0.0,1.0,2.0,0.0,0.0
CHEMBL1668063,6.34,138.56,224.92,70.39,568.11,10.0,2.0,5.0,1.0,12.0,38.0,60.0,4.0,4.0,0.0,0.0,1.0,0.0,0.0,3.0,0.0,0.0
CHEMBL525442,3.57,129.6,211.09,112.93,503.27,6.0,3.0,6.0,1.0,8.0,36.0,74.0,5.0,0.0,4.0,5.0,0.0,0.0,0.0,0.0,4.0,5.0
CHEMBL99123,6.73,118.61,179.87,30.49,419.17,2.0,1.0,3.0,0.0,5.0,31.0,54.0,5.0,3.0,0.0,2.0,0.0,0.0,2.0,3.0,0.0,0.0
CHEMBL1940546,4.24,139.4,215.41,92.42,506.22,4.0,2.0,7.0,0.0,7.0,36.0,70.0,6.0,2.0,3.0,4.0,1.0,0.0,0.0,1.0,3.0,4.0
CHEMBL237385,5.18,91.7,154.14,29.46,388.15,7.0,1.0,2.0,0.0,7.0,27.0,48.0,2.0,2.0,0.0,0.0,0.0,0.0,0.0,2.0,0.0,0.0
CHEMBL1668065,5.18,134.69,199.42,76.02,480.2,7.0,2.0,5.0,0.0,8.0,34.0,63.0,4.0,4.0,0.0,0.0,1.0,0.0,0.0,3.0,0.0,0.0
CHEMBL99046,6.45,118.7,171.54,30.49,383.19,2.0,1.0,3.0,0.0,3.0,29.0,54.0,5.0,3.0,0.0,2.0,0.0,0.0,2.0,3.0,0.0,0.0
CHEMBL1940548,3.46,125.46,198.53,100.38,468.21,4.0,2.0,7.0,0.0,7.0,33.0,65.0,5.0,1.0,3.0,4.0,1.0,0.0,0.0,0.0,3.0,4.0
CHEMBL1668064,5.18,134.69,199.42,76.02,480.2,7.0,2.0,5.0,0.0,8.0,34.0,63.0,4.0,4.0,0.0,0.0,1.0,0.0,0.0,3.0,0.0,0.0
CHEMBL1682429,4.68,105.31,153.03,71.84,345.18,1.0,3.0,3.0,0.0,4.0,26.0,49.0,4.0,3.0,0.0,1.0,1.0,0.0,1.0,2.0,0.0,0.0
CHEMBL1258783,6.76,107.38,187.04,40.46,480.19,5.0,2.0,2.0,0.0,9.0,33.0,60.0,4.0,1.0,2.0,3.0,0.0,0.0,0.0,1.0,2.0,3.0
CHEMBL1682420,5.12,105.33,148.64,48.05,334.2,1.0,3.0,2.0,0.0,3.0,25.0,51.0,4.0,3.0,0.0,1.0,1.0,0.0,1.0,2.0,0.0,0.0
CHEMBL1682423,4.79,115.2,164.96,69.64,377.21,3.0,3.0,4.0,0.0,5.0,28.0,55.0,4.0,3.0,0.0,1.0,1.0,0.0,1.0,2.0,0.0,0.0
CHEMBL563544,6.16,128.32,212.71,49.77,525.23,4.0,1.0,4.0,0.0,9.0,37.0,69.0,5.0,1.0,2.0,4.0,0.0,1.0,1.0,1.0,1.0,3.0
CHEMBL1682424,5.18,119.82,171.33,69.64,391.23,4.0,3.0,4.0,0.0,5.0,29.0,58.0,4.0,3.0,0.0,1.0,1.0,0.0,1.0,2.0,0.0,0.0
CHEMBL1682426,6.36,139.42,200.02,69.64,453.24,5.0,3.0,4.0,0.0,5.0,34.0,65.0,5.0,4.0,0.0,1.0,1.0,0.0,1.0,3.0,0.0,0.0
CHEMBL555872,6.82,125.77,210.71,46.53,528.18,4.0,1.0,4.0,0.0,9.0,36.0,65.0,5.0,1.0,2.0,4.0,0.0,1.0,1.0,1.0,1.0,3.0
CHEMBL401219,4.91,96.46,160.74,53.25,395.15,7.0,1.0,3.0,0.0,7.0,28.0,49.0,2.0,2.0,0.0,0.0,0.0,0.0,0.0,2.0,0.0,0.0
CHEMBL559115,5.03,128.54,204.32,70.39,500.18,10.0,2.0,5.0,1.0,10.0,36.0,60.0,4.0,4.0,0.0,0.0,1.0,0.0,0.0,3.0,0.0,0.0
CHEMBL551944,5.11,363.4,562.38,344.83,1356.57,33.0,11.0,20.0,7.0,30.0,96.0,177.0,10.0,6.0,3.0,4.0,6.0,0.0,0.0,0.0,3.0,4.0
CHEMBL390700,6.19,154.02,233.45,49.77,571.17,2.0,1.0,4.0,0.0,5.0,38.0,72.0,6.0,2.0,2.0,4.0,0.0,0.0,1.0,2.0,2.0,3.0
CHEMBL400582,6.49,132.77,201.42,55.73,455.25,2.0,0.0,4.0,0.0,4.0,34.0,67.0,6.0,1.0,2.0,5.0,0.0,0.0,1.0,1.0,2.0,4.0
CHEMBL1917251,5.98,160.22,254.24,119.59,600.23,7.0,1.0,9.0,0.0,9.0,43.0,79.0,7.0,3.0,3.0,4.0,2.0,0.0,0.0,1.0,3.0,4.0
CHEMBL1917250,6.59,162.43,255.02,106.7,599.23,7.0,1.0,8.0,0.0,8.0,43.0,80.0,7.0,3.0,3.0,4.0,2.0,0.0,0.0,1.0,3.0,4.0
CHEMBL1917253,6.18,154.69,247.81,119.84,589.21,7.0,1.0,9.0,0.0,9.0,42.0,77.0,7.0,3.0,3.0,4.0,2.0,0.0,0.0,1.0,3.0,4.0
CHEMBL1917252,5.93,161.4,254.8,111.63,602.25,7.0,1.0,9.0,0.0,9.0,43.0,81.0,7.0,3.0,3.0,4.0,2.0,0.0,0.0,1.0,3.0,4.0
CHEMBL1917255,6.04,158.1,251.88,119.59,606.19,7.0,1.0,10.0,0.0,10.0,42.0,76.0,7.0,3.0,3.0,4.0,3.0,0.0,0.0,0.0,3.0,4.0
CHEMBL1917254,6.65,160.31,252.66,106.7,605.19,7.0,1.0,9.0,0.0,9.0,42.0,77.0,7.0,3.0,3.0,4.0,2.0,0.0,0.0,1.0,3.0,4.0
CHEMBL222900,5.66,126.39,191.49,46.53,430.25,2.0,1.0,3.0,0.0,3.0,32.0,66.0,5.0,1.0,2.0,4.0,0.0,0.0,0.0,1.0,2.0,4.0
CHEMBL1917256,4.83,142.72,231.55,119.59,550.21,7.0,1.0,9.0,0.0,9.0,39.0,73.0,6.0,2.0,3.0,4.0,2.0,0.0,0.0,0.0,3.0,4.0
CHEMBL717,4.66,106.44,168.02,60.44,386.25,3.0,0.0,4.0,0.0,4.0,28.0,62.0,4.0,0.0,3.0,4.0,0.0,0.0,0.0,0.0,3.0,4.0
CHEMBL1917242,5.19,138.4,213.96,87.49,511.19,4.0,2.0,7.0,0.0,7.0,35.0,68.0,6.0,2.0,3.0,4.0,1.0,0.0,0.0,1.0,3.0,4.0
CHEMBL501474,4.07,136.28,218.46,112.93,519.3,8.0,3.0,6.0,1.0,8.0,37.0,79.0,4.0,0.0,3.0,4.0,0.0,0.0,0.0,0.0,3.0,4.0
CHEMBL1086116,7.46,142.73,222.53,55.2,553.14,8.0,0.0,4.0,0.0,10.0,39.0,62.0,5.0,5.0,0.0,0.0,1.0,0.0,0.0,4.0,0.0,0.0
CHEMBL1086115,7.07,138.11,216.17,55.2,539.13,7.0,0.0,4.0,0.0,10.0,38.0,59.0,5.0,5.0,0.0,0.0,1.0,0.0,0.0,4.0,0.0,0.0
CHEMBL650,1.8,99.6,159.71,94.83,374.21,2.0,3.0,5.0,0.0,5.0,27.0,57.0,4.0,0.0,3.0,4.0,0.0,0.0,0.0,0.0,3.0,4.0
CHEMBL135,3.61,78.73,120.38,40.46,272.18,0.0,2.0,2.0,0.0,2.0,20.0,44.0,4.0,1.0,2.0,3.0,0.0,0.0,0.0,1.0,2.0,3.0
CHEMBL1254419,4.7,104.09,166.28,58.14,404.17,6.0,2.0,3.0,0.0,7.0,29.0,52.0,4.0,3.0,0.0,1.0,2.0,0.0,1.0,1.0,0.0,0.0
CHEMBL2107797,3.88,90.49,139.28,37.3,312.21,1.0,1.0,2.0,0.0,2.0,23.0,51.0,4.0,0.0,3.0,4.0,0.0,0.0,0.0,0.0,3.0,4.0
CHEMBL1644755,5.85,109.22,158.31,44.89,366.15,1.0,2.0,2.0,0.0,4.0,26.0,49.0,4.0,3.0,0.0,1.0,1.0,0.0,1.0,2.0,0.0,0.0
CHEMBL1644754,5.67,104.61,151.94,44.89,352.13,1.0,2.0,2.0,0.0,4.0,25.0,46.0,4.0,3.0,0.0,1.0,1.0,0.0,1.0,2.0,0.0,0.0
CHEMBL1644757,7.18,127.59,183.08,44.89,420.2,3.0,2.0,2.0,0.0,4.0,30.0,59.0,4.0,3.0,0.0,1.0,1.0,0.0,1.0,2.0,0.0,0.0
CHEMBL1644756,6.4,118.36,170.35,44.89,392.17,3.0,2.0,2.0,0.0,4.0,28.0,53.0,4.0,3.0,0.0,1.0,1.0,0.0,1.0,2.0,0.0,0.0
CHEMBL228274,4.27,93.13,142.22,58.92,328.17,4.0,2.0,4.0,0.0,4.0,24.0,48.0,3.0,2.0,1.0,1.0,0.0,0.0,0.0,2.0,1.0,1.0
CHEMBL1668081,4.32,157.01,229.4,131.14,548.26,10.0,4.0,7.0,1.0,10.0,39.0,75.0,4.0,4.0,0.0,0.0,1.0,0.0,0.0,3.0,0.0,0.0
CHEMBL1668080,4.32,157.01,229.4,131.14,548.26,10.0,4.0,7.0,1.0,10.0,39.0,75.0,4.0,4.0,0.0,0.0,1.0,0.0,0.0,3.0,0.0,0.0
CHEMBL1644759,5.47,105.61,152.58,48.05,354.15,1.0,3.0,2.0,0.0,4.0,25.0,48.0,4.0,3.0,0.0,1.0,1.0,0.0,1.0,2.0,0.0,0.0
CHEMBL400628,5.04,91.75,149.98,29.46,370.16,7.0,1.0,2.0,0.0,6.0,26.0,48.0,2.0,2.0,0.0,0.0,0.0,0.0,0.0,2.0,0.0,0.0
CHEMBL1668085,3.6,133.55,195.36,105.12,471.23,10.0,3.0,6.0,1.0,9.0,33.0,66.0,3.0,3.0,0.0,0.0,1.0,0.0,0.0,2.0,0.0,0.0
CHEMBL1668084,3.6,133.57,195.36,105.12,471.23,11.0,3.0,6.0,1.0,9.0,33.0,66.0,3.0,3.0,0.0,0.0,1.0,0.0,0.0,2.0,0.0,0.0
CHEMBL500678,2.65,117.88,193.0,112.93,463.24,6.0,3.0,6.0,1.0,8.0,33.0,67.0,4.0,0.0,3.0,4.0,0.0,0.0,0.0,0.0,3.0,4.0
CHEMBL61,2.41,103.4,172.76,92.68,414.13,4.0,1.0,8.0,0.0,8.0,30.0,52.0,5.0,2.0,1.0,3.0,0.0,1.0,2.0,2.0,0.0,1.0
CHEMBL232434,4.82,144.11,218.8,62.66,494.26,2.0,1.0,5.0,0.0,5.0,37.0,71.0,6.0,2.0,2.0,4.0,1.0,0.0,1.0,1.0,2.0,3.0
CHEMBL564310,4.93,122.99,190.24,55.76,432.23,2.0,1.0,4.0,0.0,4.0,32.0,64.0,5.0,1.0,2.0,4.0,0.0,1.0,1.0,1.0,1.0,3.0
CHEMBL216272,4.03,117.93,192.07,101.66,476.16,7.0,2.0,6.0,1.0,10.0,34.0,57.0,4.0,3.0,0.0,1.0,1.0,0.0,1.0,2.0,0.0,0.0
CHEMBL364511,4.52,100.96,158.53,36.28,368.19,1.0,0.0,4.0,0.0,5.0,27.0,52.0,5.0,2.0,2.0,3.0,1.0,1.0,1.0,1.0,1.0,2.0
CHEMBL1254174,5.23,122.47,194.42,83.92,470.19,8.0,2.0,5.0,0.0,9.0,34.0,59.0,4.0,4.0,0.0,0.0,3.0,0.0,0.0,1.0,0.0,0.0
CHEMBL1254079,5.21,99.58,159.97,48.91,394.17,6.0,2.0,2.0,0.0,7.0,28.0,50.0,3.0,3.0,0.0,0.0,2.0,0.0,0.0,1.0,0.0,0.0
CHEMBL1650,2.56,103.69,170.61,97.74,402.2,4.0,1.0,6.0,0.0,6.0,29.0,59.0,4.0,0.0,3.0,4.0,0.0,0.0,0.0,0.0,3.0,4.0
CHEMBL1254173,5.84,124.67,195.2,71.03,469.2,8.0,2.0,4.0,0.0,8.0,34.0,60.0,4.0,4.0,0.0,0.0,3.0,0.0,0.0,1.0,0.0,0.0
CHEMBL2024030,5.89,135.24,215.02,74.6,522.14,4.0,2.0,5.0,0.0,7.0,34.0,66.0,5.0,1.0,3.0,4.0,0.0,0.0,0.0,1.0,3.0,4.0
CHEMBL564700,4.6,126.15,190.89,49.77,431.25,2.0,1.0,4.0,0.0,4.0,32.0,65.0,5.0,1.0,2.0,4.0,0.0,1.0,1.0,1.0,1.0,3.0
CHEMBL1644765,5.47,105.61,152.58,48.05,354.15,1.0,3.0,2.0,0.0,4.0,25.0,48.0,4.0,3.0,0.0,1.0,1.0,0.0,1.0,2.0,0.0,0.0
CHEMBL499629,3.43,127.12,205.73,112.93,491.27,8.0,3.0,6.0,1.0,8.0,35.0,73.0,4.0,0.0,3.0,4.0,0.0,0.0,0.0,0.0,3.0,4.0
CHEMBL231111,4.01,121.83,184.52,49.77,417.23,2.0,1.0,4.0,0.0,4.0,31.0,62.0,5.0,1.0,2.0,4.0,0.0,0.0,1.0,1.0,2.0,3.0
CHEMBL1451,0.62,96.79,162.3,115.06,394.18,2.0,4.0,6.0,0.0,7.0,28.0,55.0,4.0,0.0,3.0,4.0,0.0,0.0,0.0,0.0,3.0,4.0
CHEMBL540184,4.52,330.04,511.46,310.8,1234.52,30.0,10.0,18.0,6.0,27.0,87.0,162.0,9.0,5.0,3.0,4.0,5.0,0.0,0.0,0.0,3.0,4.0
CHEMBL1911644,5.39,108.32,176.63,69.04,434.16,7.0,2.0,3.0,0.0,8.0,31.0,53.0,3.0,3.0,0.0,0.0,1.0,0.0,0.0,2.0,0.0,0.0
CHEMBL1911645,6.08,112.98,178.6,45.25,437.2,8.0,2.0,2.0,0.0,7.0,31.0,58.0,3.0,3.0,0.0,0.0,1.0,0.0,0.0,2.0,0.0,0.0
CHEMBL1911646,5.66,103.56,170.03,45.25,427.16,7.0,2.0,2.0,0.0,8.0,30.0,52.0,3.0,3.0,0.0,0.0,1.0,0.0,0.0,2.0,0.0,0.0
CHEMBL1911647,5.83,108.34,172.23,45.25,423.18,7.0,2.0,2.0,0.0,7.0,30.0,55.0,3.0,3.0,0.0,0.0,1.0,0.0,0.0,2.0,0.0,0.0
CHEMBL1911648,6.54,108.6,184.73,45.25,477.15,8.0,2.0,2.0,0.0,10.0,33.0,55.0,3.0,3.0,0.0,0.0,1.0,0.0,0.0,2.0,0.0,0.0
CHEMBL1911649,5.39,108.32,176.63,69.04,434.16,7.0,2.0,3.0,0.0,8.0,31.0,53.0,3.0,3.0,0.0,0.0,1.0,0.0,0.0,2.0,0.0,0.0
CHEMBL393349,5.62,112.59,173.51,45.15,414.19,6.0,2.0,3.0,0.0,6.0,30.0,55.0,4.0,3.0,0.0,1.0,1.0,0.0,0.0,2.0,0.0,1.0
CHEMBL250220,6.88,137.39,207.79,55.73,469.26,3.0,0.0,4.0,0.0,4.0,35.0,70.0,6.0,1.0,2.0,5.0,0.0,0.0,1.0,1.0,2.0,4.0
CHEMBL250221,6.1,128.16,195.06,55.73,441.23,2.0,0.0,4.0,0.0,4.0,33.0,64.0,6.0,1.0,2.0,5.0,0.0,0.0,1.0,1.0,2.0,4.0
CHEMBL552770,2.95,184.2,282.51,131.0,680.34,17.0,5.0,8.0,1.0,12.0,46.0,99.0,4.0,0.0,3.0,4.0,0.0,0.0,0.0,0.0,3.0,4.0
CHEMBL392568,6.34,101.77,170.58,29.46,438.08,7.0,1.0,2.0,0.0,8.0,28.0,48.0,2.0,2.0,0.0,0.0,0.0,0.0,0.0,2.0,0.0,0.0
CHEMBL231807,4.74,113.66,164.84,61.96,390.14,6.0,2.0,2.0,0.0,5.0,28.0,50.0,4.0,4.0,0.0,0.0,1.0,0.0,0.0,3.0,0.0,0.0
CHEMBL231806,3.73,93.24,140.09,61.96,348.07,5.0,2.0,2.0,0.0,6.0,23.0,40.0,3.0,3.0,0.0,0.0,1.0,0.0,0.0,2.0,0.0,0.0
CHEMBL231803,4.2,102.32,148.88,61.96,356.16,6.0,2.0,2.0,0.0,5.0,25.0,49.0,3.0,3.0,0.0,0.0,1.0,0.0,0.0,2.0,0.0,0.0
CHEMBL231802,4.03,102.22,148.88,61.96,356.16,7.0,2.0,2.0,0.0,5.0,25.0,49.0,3.0,3.0,0.0,0.0,1.0,0.0,0.0,2.0,0.0,0.0
CHEMBL193760,6.22,119.45,183.99,36.28,424.25,5.0,0.0,4.0,0.0,5.0,31.0,64.0,5.0,2.0,2.0,3.0,1.0,1.0,1.0,1.0,1.0,2.0
CHEMBL561460,5.54,132.13,197.56,49.77,447.28,3.0,1.0,4.0,0.0,4.0,33.0,70.0,5.0,1.0,2.0,4.0,0.0,1.0,1.0,1.0,1.0,3.0
CHEMBL231413,4.94,126.83,203.38,49.77,485.22,2.0,1.0,4.0,0.0,7.0,35.0,65.0,5.0,1.0,2.0,4.0,0.0,0.0,1.0,1.0,2.0,3.0
CHEMBL231414,5.42,140.23,209.98,49.77,473.29,2.0,1.0,4.0,0.0,4.0,35.0,74.0,5.0,1.0,2.0,4.0,0.0,0.0,1.0,1.0,2.0,3.0
CHEMBL131,1.56,95.05,153.34,94.83,360.19,2.0,3.0,5.0,0.0,5.0,26.0,54.0,4.0,0.0,3.0,4.0,0.0,0.0,0.0,0.0,3.0,4.0
CHEMBL242812,6.45,130.5,187.07,61.96,440.25,8.0,2.0,2.0,0.0,5.0,31.0,67.0,3.0,3.0,0.0,0.0,1.0,0.0,0.0,2.0,0.0,0.0
CHEMBL1084014,7.67,133.72,222.09,63.99,579.09,7.0,1.0,4.0,0.0,13.0,40.0,56.0,5.0,5.0,0.0,0.0,1.0,0.0,0.0,4.0,0.0,0.0
CHEMBL196374,3.94,110.36,184.19,112.66,468.13,7.0,3.0,6.0,1.0,11.0,33.0,53.0,3.0,3.0,0.0,0.0,1.0,0.0,0.0,2.0,0.0,0.0
CHEMBL196373,4.05,108.06,165.28,75.63,381.19,7.0,2.0,4.0,1.0,5.0,28.0,55.0,3.0,2.0,0.0,1.0,0.0,0.0,1.0,2.0,0.0,0.0
CHEMBL1084013,6.66,135.27,214.71,73.22,541.11,7.0,1.0,5.0,0.0,11.0,38.0,57.0,5.0,5.0,0.0,0.0,1.0,0.0,0.0,4.0,0.0,0.0
CHEMBL375927,4.17,95.05,143.22,58.92,330.18,7.0,2.0,4.0,0.0,4.0,24.0,50.0,2.0,2.0,0.0,0.0,0.0,0.0,0.0,2.0,0.0,0.0
CHEMBL1095542,4.39,91.49,142.32,38.05,336.11,3.0,1.0,3.0,0.0,5.0,25.0,39.0,4.0,4.0,0.0,0.0,1.0,0.0,0.0,3.0,0.0,0.0
CHEMBL1668079,3.94,152.42,223.03,131.14,534.24,10.0,4.0,7.0,1.0,10.0,38.0,72.0,4.0,4.0,0.0,0.0,1.0,0.0,0.0,3.0,0.0,0.0
CHEMBL1668072,5.86,153.49,219.89,88.05,519.27,9.0,3.0,6.0,0.0,8.0,37.0,74.0,4.0,4.0,0.0,0.0,1.0,0.0,0.0,3.0,0.0,0.0
CHEMBL430192,5.35,108.0,167.06,61.96,430.01,5.0,2.0,2.0,0.0,8.0,26.0,43.0,3.0,3.0,0.0,0.0,1.0,0.0,0.0,2.0,0.0,0.0
CHEMBL1668070,5.05,141.29,206.73,85.25,492.22,8.0,2.0,6.0,0.0,8.0,35.0,67.0,4.0,4.0,0.0,0.0,1.0,0.0,0.0,3.0,0.0,0.0
CHEMBL232828,4.82,144.11,218.8,62.66,494.26,2.0,1.0,5.0,0.0,5.0,37.0,71.0,6.0,2.0,2.0,4.0,1.0,0.0,1.0,1.0,2.0,3.0
CHEMBL391942,5.95,113.69,179.07,59.81,426.19,6.0,2.0,2.0,0.0,6.0,31.0,56.0,4.0,3.0,0.0,1.0,1.0,0.0,0.0,2.0,0.0,1.0
CHEMBL1668074,3.94,152.42,223.03,131.14,534.24,10.0,4.0,7.0,1.0,10.0,38.0,72.0,4.0,4.0,0.0,0.0,1.0,0.0,0.0,3.0,0.0,0.0
CHEMBL1668075,4.32,157.01,229.4,131.14,548.26,10.0,4.0,7.0,1.0,10.0,39.0,75.0,4.0,4.0,0.0,0.0,1.0,0.0,0.0,3.0,0.0,0.0
CHEMBL195021,3.41,98.9,152.55,75.63,353.16,6.0,2.0,4.0,1.0,5.0,26.0,49.0,3.0,2.0,0.0,1.0,0.0,0.0,1.0,2.0,0.0,0.0
CHEMBL386630,3.88,82.72,127.55,37.3,288.21,0.0,1.0,2.0,0.0,2.0,21.0,49.0,4.0,0.0,3.0,4.0,0.0,0.0,0.0,0.0,3.0,4.0
CHEMBL233450,4.38,98.25,150.39,61.96,382.03,5.0,2.0,2.0,0.0,7.0,24.0,40.0,3.0,3.0,0.0,0.0,1.0,0.0,0.0,2.0,0.0,0.0
CHEMBL429618,4.82,144.11,218.8,62.66,494.26,2.0,1.0,5.0,0.0,5.0,37.0,71.0,6.0,2.0,2.0,4.0,1.0,0.0,1.0,1.0,2.0,3.0
CHEMBL1668076,4.32,157.01,229.4,131.14,548.26,10.0,4.0,7.0,1.0,10.0,39.0,75.0,4.0,4.0,0.0,0.0,1.0,0.0,0.0,3.0,0.0,0.0
CHEMBL243869,4.31,107.18,155.24,61.96,370.17,5.0,2.0,2.0,0.0,5.0,26.0,52.0,3.0,3.0,0.0,0.0,1.0,0.0,0.0,2.0,0.0,0.0
CHEMBL1162,3.49,85.88,132.92,37.3,298.19,0.0,1.0,2.0,0.0,2.0,22.0,48.0,4.0,0.0,3.0,4.0,0.0,0.0,0.0,0.0,3.0,4.0
CHEMBL1668089,1.82,134.96,203.86,148.21,498.2,11.0,4.0,7.0,2.0,11.0,35.0,65.0,4.0,3.0,1.0,1.0,1.0,0.0,0.0,2.0,1.0,1.0
CHEMBL197101,4.78,129.88,203.25,84.86,477.2,9.0,2.0,5.0,1.0,7.0,35.0,63.0,4.0,3.0,0.0,1.0,0.0,0.0,1.0,3.0,0.0,0.0
CHEMBL197100,5.26,129.74,199.09,67.79,463.22,9.0,2.0,5.0,0.0,6.0,34.0,64.0,4.0,3.0,0.0,1.0,0.0,0.0,1.0,3.0,0.0,0.0
CHEMBL515671,4.09,117.17,178.87,62.58,405.23,4.0,2.0,4.0,0.0,4.0,30.0,61.0,4.0,2.0,1.0,2.0,1.0,0.0,0.0,1.0,1.0,2.0
CHEMBL236754,6.5,113.99,179.02,29.46,434.19,7.0,1.0,2.0,0.0,6.0,31.0,57.0,3.0,3.0,0.0,0.0,0.0,0.0,0.0,3.0,0.0,0.0
CHEMBL236755,5.53,105.93,173.47,53.25,423.18,7.0,1.0,3.0,0.0,7.0,30.0,55.0,2.0,2.0,0.0,0.0,0.0,0.0,0.0,2.0,0.0,0.0
CHEMBL382102,4.99,110.03,169.88,36.28,392.19,3.0,0.0,4.0,0.0,5.0,29.0,54.0,5.0,2.0,2.0,3.0,1.0,1.0,1.0,1.0,1.0,2.0
CHEMBL374507,9.51,239.11,370.25,133.52,850.54,10.0,4.0,7.0,0.0,8.0,62.0,136.0,9.0,1.0,6.0,8.0,0.0,0.0,0.0,1.0,6.0,8.0
CHEMBL1940698,4.65,142.97,226.35,113.52,534.22,5.0,2.0,8.0,0.0,8.0,38.0,72.0,6.0,2.0,3.0,4.0,1.0,0.0,0.0,1.0,3.0,4.0
CHEMBL363200,4.78,132.83,197.79,92.43,456.2,8.0,2.0,5.0,1.0,6.0,34.0,62.0,4.0,4.0,0.0,0.0,1.0,0.0,0.0,3.0,0.0,0.0
CHEMBL195524,5.24,111.5,174.49,36.28,402.17,2.0,0.0,4.0,0.0,5.0,30.0,53.0,6.0,3.0,2.0,3.0,1.0,1.0,1.0,2.0,1.0,2.0
CHEMBL429466,7.28,142.03,216.79,62.75,528.17,6.0,3.0,6.0,0.0,9.0,37.0,64.0,5.0,3.0,0.0,2.0,1.0,0.0,2.0,2.0,0.0,0.0
CHEMBL1940690,5.15,144.98,221.99,87.49,517.23,4.0,2.0,6.0,0.0,6.0,37.0,72.0,6.0,2.0,3.0,4.0,1.0,0.0,0.0,1.0,3.0,4.0
CHEMBL1940693,4.55,142.77,221.21,100.38,518.22,4.0,2.0,7.0,0.0,7.0,37.0,71.0,6.0,2.0,3.0,4.0,1.0,0.0,0.0,1.0,3.0,4.0
CHEMBL506241,3.82,131.71,212.09,112.93,505.28,7.0,3.0,6.0,1.0,8.0,36.0,76.0,4.0,0.0,3.0,4.0,0.0,0.0,0.0,0.0,3.0,4.0
CHEMBL245131,6.08,151.33,229.88,49.77,527.22,2.0,1.0,4.0,0.0,5.0,38.0,72.0,6.0,2.0,2.0,4.0,0.0,0.0,1.0,2.0,2.0,3.0
CHEMBL1940697,4.14,135.04,214.01,113.52,508.2,4.0,2.0,8.0,0.0,8.0,36.0,68.0,6.0,2.0,3.0,4.0,2.0,0.0,0.0,0.0,3.0,4.0
CHEMBL228932,6.99,134.29,191.64,30.49,427.25,8.0,1.0,3.0,0.0,3.0,32.0,65.0,4.0,3.0,0.0,1.0,0.0,0.0,1.0,3.0,0.0,0.0
CHEMBL236855,6.93,124.08,192.41,33.12,453.23,6.0,1.0,2.0,0.0,5.0,33.0,63.0,5.0,3.0,1.0,2.0,1.0,0.0,0.0,2.0,1.0,2.0
CHEMBL1201207,2.01,110.85,185.33,141.36,472.17,4.0,4.0,6.0,0.0,10.0,32.0,62.0,4.0,0.0,3.0,4.0,0.0,0.0,0.0,0.0,3.0,4.0
CHEMBL236853,6.8,117.43,184.63,33.12,447.16,6.0,1.0,2.0,0.0,6.0,31.0,56.0,4.0,3.0,0.0,1.0,1.0,0.0,0.0,2.0,0.0,1.0
CHEMBL511982,3.15,79.52,120.39,40.46,270.16,0.0,2.0,2.0,0.0,2.0,20.0,42.0,3.0,1.0,1.0,2.0,0.0,0.0,0.0,1.0,1.0,2.0
CHEMBL428922,8.44,148.21,210.79,50.72,485.2,4.0,2.0,5.0,0.0,5.0,35.0,66.0,5.0,3.0,0.0,2.0,1.0,0.0,2.0,2.0,0.0,0.0
CHEMBL228655,4.71,112.42,176.64,71.06,412.19,8.0,0.0,6.0,0.0,6.0,30.0,58.0,3.0,2.0,1.0,1.0,0.0,0.0,0.0,2.0,1.0,1.0
CHEMBL392500,6.06,113.97,183.42,53.25,445.17,7.0,1.0,3.0,0.0,7.0,32.0,55.0,3.0,3.0,0.0,0.0,0.0,0.0,0.0,3.0,0.0,0.0
CHEMBL372181,4.55,118.62,181.24,75.63,415.18,7.0,2.0,4.0,1.0,5.0,31.0,56.0,4.0,3.0,0.0,1.0,0.0,0.0,1.0,3.0,0.0,0.0
CHEMBL237595,5.69,96.76,160.28,29.46,404.12,7.0,1.0,2.0,0.0,7.0,27.0,48.0,2.0,2.0,0.0,0.0,0.0,0.0,0.0,2.0,0.0,0.0
CHEMBL1668088,1.82,134.96,203.86,148.21,498.2,11.0,4.0,7.0,2.0,11.0,35.0,65.0,4.0,3.0,1.0,1.0,1.0,0.0,0.0,2.0,1.0,1.0
CHEMBL244715,6.41,135.6,201.66,77.02,475.15,4.0,2.0,7.0,0.0,7.0,34.0,59.0,5.0,3.0,0.0,2.0,1.0,0.0,2.0,2.0,0.0,0.0
CHEMBL550933,5.34,133.28,210.68,70.39,514.2,10.0,2.0,5.0,1.0,10.0,37.0,63.0,4.0,4.0,0.0,0.0,1.0,0.0,0.0,3.0,0.0,0.0
CHEMBL231798,6.72,165.02,245.04,49.77,549.32,3.0,1.0,4.0,0.0,4.0,41.0,84.0,6.0,2.0,2.0,4.0,0.0,0.0,1.0,2.0,2.0,3.0
CHEMBL389152,4.34,107.07,155.45,53.17,370.17,5.0,1.0,2.0,0.0,5.0,26.0,52.0,3.0,3.0,0.0,0.0,1.0,0.0,0.0,2.0,0.0,0.0
CHEMBL195451,5.05,105.6,164.89,36.28,382.21,1.0,0.0,4.0,0.0,5.0,28.0,55.0,5.0,2.0,2.0,3.0,1.0,1.0,1.0,1.0,1.0,2.0
CHEMBL556536,5.65,392.21,612.72,400.86,1467.66,33.0,12.0,22.0,10.0,33.0,107.0,193.0,12.0,8.0,3.0,4.0,8.0,0.0,0.0,0.0,3.0,4.0
CHEMBL2087295,8.73,151.86,236.69,49.77,643.02,9.0,1.0,3.0,0.0,8.0,38.0,63.0,4.0,4.0,0.0,0.0,0.0,0.0,0.0,4.0,0.0,0.0
CHEMBL541245,6.98,147.86,237.79,55.76,562.23,3.0,1.0,4.0,0.0,7.0,41.0,74.0,6.0,2.0,2.0,4.0,0.0,1.0,1.0,2.0,1.0,3.0
CHEMBL197161,4.64,123.37,187.6,75.63,429.19,8.0,2.0,4.0,1.0,5.0,32.0,59.0,4.0,3.0,0.0,1.0,0.0,0.0,1.0,3.0,0.0,0.0
