PDB_ID,Ala,Cys,Glu,Asp,Gly,Phe,Ile,His,Lys,Met,Leu,Asn,Gln,Pro,Ser,Arg,Thr,Trp,Val,Tyr
2WR6,7.429,3.429,5.143,9.714,6.286,5.714,2.286,1.143,5.714,2.286,6.857,4.571,4.571,2.857,5.714,6.857,5.143,2.286,7.429,4.571
1WY9,4.082,0.0,10.204,6.122,6.803,4.082,4.762,1.361,11.565,5.442,12.925,3.401,3.401,4.762,8.163,6.122,2.041,0.0,2.041,2.721
2RD7,4.905,1.362,5.995,6.812,10.082,3.815,6.267,3.542,6.54,2.997,7.629,3.815,3.815,2.452,7.902,5.177,4.905,0.817,4.36,6.812
2ONL,6.831,1.093,6.557,7.377,4.372,3.552,6.011,3.552,5.191,3.279,12.022,3.825,4.098,4.645,5.738,5.191,5.191,1.366,6.011,4.098
3DI2,4.545,3.896,7.143,5.844,7.143,5.195,4.545,1.948,12.338,3.896,13.636,6.494,4.545,1.299,5.195,3.896,4.545,0.649,2.597,0.649
3DUH,4.459,3.185,7.962,6.688,4.777,2.866,3.822,3.503,8.28,0.637,7.325,2.229,3.503,4.459,10.828,3.822,7.325,3.185,7.325,3.822
2B8X,6.202,4.651,7.752,3.876,2.326,3.876,4.651,3.876,9.302,0.775,12.403,4.651,5.426,0.775,6.202,6.977,11.628,0.775,2.326,1.55
2B8Y,6.202,4.651,7.752,4.651,2.326,3.876,4.651,3.876,9.302,0.775,12.403,4.651,5.426,0.775,6.202,6.977,10.853,0.775,2.326,1.55
2B8Z,6.977,4.651,7.752,3.101,2.326,4.651,4.651,3.876,9.302,0.775,12.403,4.651,5.426,0.775,6.202,6.202,11.628,0.775,2.326,1.55
2WZL,5.611,0.33,11.221,8.911,5.611,3.3,6.601,2.31,6.271,2.64,7.921,3.96,2.97,3.96,9.901,6.601,4.29,0.66,5.281,1.65
2I3Z,5.616,1.781,5.479,6.027,5.205,4.247,6.027,2.877,5.616,1.781,7.671,4.521,4.521,3.836,8.904,4.11,6.438,2.74,5.753,6.849
1ZHS,11.504,0.0,7.965,1.77,8.85,3.54,6.195,1.77,4.425,1.77,4.425,4.425,7.965,4.425,6.195,0.885,7.08,3.54,10.619,2.655
4GIZ,13.874,0.0,7.853,5.759,7.853,3.927,5.759,0.785,8.639,1.571,8.901,5.759,2.618,5.497,3.141,1.571,5.236,2.094,5.236,3.927
2B8U,6.202,4.651,7.752,3.101,2.326,4.651,4.651,3.876,9.302,0.775,12.403,4.651,5.426,0.775,6.202,6.977,11.628,0.775,2.326,1.55
1G44,1.639,6.967,3.689,4.508,10.656,2.459,6.148,1.23,6.148,1.23,4.508,6.967,2.049,6.967,13.525,3.279,5.738,1.639,4.098,6.557
2INT,6.202,4.651,7.752,3.101,2.326,4.651,4.651,3.876,9.302,0.775,12.403,4.651,5.426,0.775,6.202,6.977,11.628,0.775,2.326,1.55
1LOX,6.193,2.266,6.647,4.683,6.798,4.532,4.381,2.115,4.985,2.417,12.991,2.87,5.589,5.74,5.891,5.438,4.079,2.719,6.949,2.719
1G40,1.639,6.967,3.689,4.508,10.656,2.459,6.148,1.23,6.148,1.23,4.508,6.967,2.049,6.967,13.525,3.279,5.738,1.639,4.098,6.557
1Y8E,1.639,6.967,3.689,4.508,10.656,2.459,6.148,1.23,6.148,1.23,4.508,6.967,2.049,6.967,13.525,3.279,5.738,1.639,4.098,6.557
1IAR,6.202,4.651,7.752,3.101,2.326,4.651,4.651,3.876,9.302,0.775,12.403,4.651,5.426,0.775,6.202,6.977,11.628,0.775,2.326,1.55
3QB7,7.576,4.545,6.818,3.788,3.03,5.303,4.545,3.788,8.333,0.758,12.121,4.545,6.061,1.515,4.545,6.818,10.606,1.515,3.03,0.758
1LOM,5.941,3.96,5.941,4.95,6.931,2.97,6.931,0.99,4.95,0.0,7.921,8.911,5.941,0.99,11.881,2.97,9.901,0.99,3.96,2.97
4J4F,5.941,3.96,5.941,4.95,7.921,2.97,6.931,0.99,4.95,0.0,7.921,8.911,5.941,0.0,11.881,2.97,9.901,0.99,3.96,2.97
3PFQ,4.748,2.671,7.715,6.38,7.418,6.677,4.896,2.967,8.605,2.967,6.677,3.561,3.709,5.786,5.786,4.896,4.303,1.335,6.231,2.671
3B5K,2.655,1.77,9.735,2.655,6.195,3.54,6.195,2.655,6.195,0.0,15.044,3.54,7.08,2.655,4.425,7.965,9.735,0.885,5.31,1.77
4BBD,3.2,0.0,7.2,12.0,3.2,3.2,8.8,4.8,4.8,5.6,12.8,5.6,1.6,1.6,4.0,7.2,4.8,1.6,3.2,4.8
2VS6,12.5,0.0,4.032,3.629,4.435,3.629,7.661,0.403,3.226,2.016,10.081,7.661,4.032,3.226,10.484,4.839,6.452,0.403,6.048,5.242
4EMZ,3.008,0.376,8.271,3.759,6.015,4.887,7.143,2.256,8.271,1.88,7.143,4.887,2.632,5.263,9.398,6.391,3.759,1.88,9.398,3.383
4J4D,5.941,3.96,5.941,4.95,7.921,2.97,6.931,0.99,4.95,0.0,7.921,8.911,5.941,0.0,11.881,2.97,9.901,0.99,3.96,2.97
4BBB,3.2,0.0,7.2,12.0,3.2,3.2,8.8,4.8,4.8,5.6,12.8,5.6,0.8,1.6,4.0,8.0,4.8,1.6,3.2,4.8
4BBC,3.2,0.0,7.2,12.0,3.2,3.2,8.8,4.8,4.8,5.6,12.8,5.6,1.6,1.6,4.0,7.2,4.8,1.6,3.2,4.8
4J4E,5.941,3.96,5.941,4.95,7.921,2.97,6.931,0.99,4.95,0.0,7.921,8.911,5.941,0.0,11.881,2.97,9.901,0.99,3.96,2.97
4J4C,5.941,3.96,5.941,4.95,7.921,2.97,6.931,0.99,4.95,0.0,7.921,8.911,5.941,0.0,11.881,2.97,9.901,0.99,3.96,2.97
1NXK,6.5,1.75,7.25,3.75,4.25,3.0,6.25,2.75,7.5,3.5,9.0,3.5,5.25,9.75,5.75,5.25,5.25,1.25,5.0,3.5
1BIO,10.526,3.509,3.947,7.018,9.649,0.0,2.632,4.386,2.632,0.877,11.842,2.193,3.509,6.14,6.579,7.895,3.509,1.754,9.649,1.754
3NVQ,4.915,3.051,6.61,4.915,7.119,4.237,3.39,3.729,4.407,1.525,7.119,4.407,5.593,6.949,8.305,6.441,4.237,1.695,6.949,4.407
3TB8,8.738,1.456,8.738,4.854,7.767,3.398,2.913,4.369,5.34,1.456,8.252,3.398,2.913,7.282,5.34,6.311,3.883,3.398,6.311,3.398
2D48,6.202,4.651,7.752,3.876,2.326,4.651,4.651,3.876,9.302,0.775,12.403,4.651,5.426,0.775,6.202,6.977,10.853,0.775,2.326,1.55
1JMU,7.317,0.0,2.439,2.439,9.756,2.439,4.878,0.0,2.439,2.439,7.317,9.756,2.439,7.317,19.512,0.0,9.756,0.0,9.756,0.0
1HFD,10.526,3.509,3.947,7.018,9.649,0.0,2.632,4.386,2.632,0.877,11.842,2.193,3.509,6.14,6.579,7.895,3.509,1.754,9.649,1.754
1VLK,6.207,2.759,9.655,6.207,2.759,6.897,4.828,1.379,8.966,3.448,11.724,6.207,6.207,2.759,4.138,6.207,2.759,0.0,3.448,3.448
2X5Q,2.525,0.505,4.545,7.071,7.071,3.535,11.616,2.02,9.596,0.505,7.576,8.081,3.535,3.03,9.091,2.02,5.051,0.505,7.071,5.051
4FFV,5.616,1.781,5.479,6.027,5.205,4.247,6.027,2.877,5.616,1.781,7.671,4.521,4.521,3.836,8.904,4.11,6.438,2.74,5.753,6.849
4FFW,5.616,1.781,5.479,6.027,5.205,4.247,6.027,2.877,5.616,1.781,7.671,4.521,4.521,3.836,8.904,4.11,6.438,2.74,5.753,6.849
3Q7E,5.158,2.865,6.877,8.023,4.871,4.871,6.304,4.298,7.736,3.152,7.163,3.438,1.719,2.865,5.444,4.011,6.304,1.433,8.309,5.158
3BSZ,9.449,0.787,9.449,3.937,7.874,3.937,3.937,3.15,6.299,0.787,5.512,2.362,0.0,6.299,8.661,3.15,9.449,1.575,9.449,3.937
1DIC,10.526,3.509,3.947,7.018,9.649,0.0,2.632,4.386,2.632,0.877,11.842,2.193,3.509,6.14,6.579,7.895,3.509,1.754,9.649,1.754
3F5T,6.977,0.93,6.977,7.907,6.977,4.186,6.512,0.93,5.116,3.721,11.163,3.721,3.721,4.186,5.581,7.907,6.047,1.86,5.116,0.465
1RLB,9.449,0.787,8.661,3.937,7.874,3.937,3.937,3.15,6.299,0.787,5.512,2.362,0.787,6.299,8.661,3.15,9.449,1.575,9.449,3.937
2PYS,7.339,3.67,5.505,4.587,7.339,2.752,7.339,6.422,3.67,0.0,8.257,8.257,5.505,0.0,11.009,2.752,8.257,0.917,3.67,2.752
2JDL,11.336,0.0,4.049,3.239,4.453,3.644,7.692,0.405,4.049,2.024,10.121,7.692,4.049,3.239,10.526,5.263,6.478,0.405,6.073,5.263
2B91,6.977,4.651,7.752,3.876,2.326,3.876,4.651,3.876,9.302,0.775,12.403,4.651,5.426,0.775,6.202,6.202,11.628,0.775,2.326,1.55
2B90,6.977,4.651,7.752,3.876,2.326,4.651,4.651,3.876,9.302,0.775,12.403,4.651,5.426,0.775,6.202,6.202,10.853,0.775,2.326,1.55
3T5O,4.162,7.01,8.105,4.929,7.119,4.162,4.053,2.081,7.119,0.767,7.01,5.257,4.929,4.71,8.981,4.929,5.805,1.424,4.6,2.848
1J4G,11.29,0.0,4.032,3.629,4.435,3.629,7.661,0.403,4.032,2.016,10.081,7.661,4.032,3.226,10.484,5.242,6.452,0.403,6.048,5.242
3BPN,6.202,4.651,7.752,3.101,2.326,4.651,4.651,3.876,9.302,0.775,12.403,4.651,5.426,0.775,6.202,6.977,11.628,0.775,2.326,1.55
3BPL,6.202,4.651,7.752,3.101,2.326,4.651,4.651,3.876,9.302,0.775,12.403,4.651,5.426,0.775,6.202,6.977,11.628,0.775,2.326,1.55
2JJR,11.336,0.0,4.049,4.049,4.453,3.644,7.692,0.405,4.453,1.619,10.121,7.287,4.049,3.239,10.526,5.263,6.478,0.405,5.668,5.263
1GIU,11.336,0.0,3.644,3.644,4.453,3.644,7.692,0.405,4.049,1.619,10.121,7.692,4.049,3.239,10.526,5.668,6.478,0.405,6.073,5.263
2GBG,5.616,1.781,5.479,6.027,5.205,4.247,6.027,2.877,5.616,1.781,7.671,4.521,4.521,3.836,8.904,4.11,6.438,2.74,5.753,6.849
2GBF,5.616,1.781,5.479,6.027,5.205,4.247,6.027,2.877,5.616,1.781,7.671,4.521,4.521,3.836,8.904,4.11,6.438,2.74,5.753,6.849
2OVA,12.088,1.099,4.945,4.396,7.143,6.044,2.198,2.747,2.747,0.549,9.341,0.549,9.341,4.396,5.495,8.242,4.945,1.648,9.341,2.747
2GBC,5.616,1.781,5.479,6.027,5.205,4.247,6.027,2.877,5.616,1.781,7.671,4.521,4.521,3.836,8.904,4.11,6.438,2.74,5.753,6.849
2OVE,12.088,1.099,4.945,4.396,7.143,6.044,2.198,2.747,2.747,0.549,9.341,0.549,9.341,4.396,5.495,8.242,4.945,1.099,9.341,3.297
2OVD,12.088,1.099,4.945,4.396,7.143,6.044,2.198,2.747,2.747,0.549,9.341,0.549,9.341,4.396,5.495,8.242,4.945,1.099,9.341,3.297
1RL0,8.627,0.392,3.922,5.49,6.667,5.49,5.882,0.0,7.451,1.569,9.412,7.843,5.49,2.353,5.49,5.49,5.882,0.392,7.451,4.706
1DFP,10.526,3.509,3.947,7.018,9.649,0.0,2.632,4.386,2.632,0.877,11.842,2.193,3.509,6.14,6.579,7.895,3.509,1.754,9.649,1.754
2GBI,5.616,1.781,5.479,6.027,5.205,4.247,6.027,2.877,5.616,1.781,7.671,4.521,4.521,3.836,8.904,4.11,6.438,2.74,5.753,6.849
1LF7,11.538,1.099,4.945,4.396,7.692,6.044,2.198,2.747,2.747,0.549,9.341,0.549,9.341,4.396,5.495,8.242,4.945,1.099,9.341,3.297
3HMX,4.575,3.268,7.843,6.863,4.902,2.941,3.922,1.634,8.497,0.654,7.19,2.288,3.595,4.575,11.111,3.922,7.516,3.268,7.516,3.922
3D85,4.673,2.336,5.14,4.673,6.075,4.206,3.738,2.336,5.607,0.467,7.009,3.271,5.14,5.14,17.29,3.738,6.542,0.935,7.477,4.206
2OEB,10.323,0.0,9.677,5.806,5.161,5.161,8.387,0.645,10.968,1.935,9.032,5.806,1.935,2.581,8.387,1.29,3.871,1.29,3.226,4.516
1FN9,5.753,1.644,3.288,7.397,7.945,3.836,3.836,3.836,4.384,5.753,8.493,3.836,4.384,5.205,6.301,5.479,5.205,2.192,8.219,3.014
2XRC,5.31,7.08,5.487,6.372,8.142,3.717,5.487,2.124,7.434,1.77,5.664,4.248,4.602,3.363,6.195,4.602,5.664,2.124,6.726,3.894
2P4D,4.651,1.163,2.907,6.395,2.907,3.488,5.814,1.744,8.721,5.233,9.302,8.14,1.163,4.07,8.721,5.233,5.814,0.0,7.558,6.977
1DSU,10.526,3.509,3.947,7.018,9.649,0.0,2.632,4.386,2.632,0.877,11.842,2.193,3.509,6.14,6.579,7.895,3.509,1.754,9.649,1.754
3D87,6.742,2.809,4.494,4.494,8.427,3.371,3.371,7.865,1.685,0.562,14.045,1.124,9.551,7.303,8.989,4.494,3.933,2.247,3.933,0.562
3HS0,5.901,0.478,4.306,5.582,6.699,4.466,5.901,2.073,6.22,2.073,7.974,5.423,4.306,5.901,6.539,3.668,8.134,0.638,9.569,4.147
3CM3,5.114,0.568,3.409,6.818,3.409,3.409,6.25,2.273,9.091,5.114,9.659,7.386,1.136,4.545,7.955,4.545,5.682,0.0,6.818,6.818
4D9R,10.526,3.509,3.947,7.018,9.649,0.0,2.632,4.386,2.632,0.877,11.842,2.193,3.509,6.14,6.579,7.895,3.509,1.754,9.649,1.754
2RDK,7.339,3.67,5.505,4.587,7.339,2.752,7.339,6.422,3.67,0.0,8.257,8.257,5.505,0.0,11.009,2.752,8.257,0.917,3.67,2.752
2VGA,2.415,3.865,5.314,9.179,4.348,3.382,5.314,4.831,9.179,2.415,6.763,6.763,1.932,3.865,5.797,2.899,8.696,0.483,7.729,4.831
3JRV,4.027,2.013,6.711,11.409,4.027,5.369,13.423,2.685,8.054,2.685,7.383,5.369,1.342,0.0,5.369,3.356,5.369,1.342,4.698,5.369
1TCS,11.336,0.0,4.049,3.644,4.453,3.644,7.692,0.405,4.049,1.619,10.121,7.692,4.049,3.239,10.526,5.263,6.478,0.405,6.073,5.263
1RBP,7.143,3.297,5.495,9.89,6.044,5.495,2.198,1.099,5.495,2.198,7.143,4.945,4.396,2.747,6.044,7.692,4.945,2.198,7.143,4.396
1LP8,8.268,0.394,4.331,5.512,6.693,5.512,5.906,0.0,7.48,1.575,9.449,7.874,5.512,2.362,5.118,5.512,5.906,0.394,7.48,4.724
2XI1,7.212,2.404,9.135,5.288,9.135,3.846,1.923,4.327,4.808,1.923,8.173,2.404,3.846,7.212,4.327,6.731,4.808,2.885,6.25,3.365
2Q05,4.615,1.026,3.077,6.154,4.615,3.59,5.128,5.641,7.692,5.128,9.231,7.179,1.538,3.59,9.231,4.615,5.128,0.0,6.154,6.667
2AJC,4.945,1.511,5.769,5.632,5.495,4.533,6.181,2.747,4.945,1.648,7.143,5.22,4.258,3.846,8.929,4.258,6.593,2.747,6.044,7.555
2AJB,4.945,1.511,5.769,5.632,5.495,4.533,6.181,2.747,4.945,1.648,7.143,5.22,4.258,3.846,8.929,4.258,6.593,2.747,6.044,7.555
2RF6,5.114,0.568,3.409,6.818,3.409,3.409,6.25,2.273,9.091,5.114,9.659,7.386,1.136,4.545,7.955,4.545,5.682,0.0,6.818,6.818
2AJD,4.945,1.511,5.769,5.632,5.495,4.533,6.181,2.747,4.945,1.648,7.143,5.22,4.258,3.846,8.929,4.258,6.593,2.747,6.044,7.555
3FMZ,7.075,2.83,5.189,9.434,5.66,5.189,2.358,3.774,4.717,3.302,7.075,4.717,4.245,2.83,6.132,6.604,5.189,1.887,6.132,5.66
3S3Y,5.634,3.756,6.103,4.695,7.512,2.817,7.042,3.756,4.695,0.0,7.512,8.451,5.634,0.939,11.268,3.286,9.39,0.939,3.756,2.817
2WQA,9.302,0.775,9.302,3.876,8.527,3.876,3.876,3.101,6.202,0.775,5.426,2.326,0.0,6.202,9.302,3.101,9.302,1.55,9.302,3.876
1ORH,6.516,3.116,7.082,7.649,4.533,4.816,6.516,2.833,7.649,3.399,6.799,3.683,1.983,2.833,5.382,3.966,6.232,1.416,8.499,5.099
2Z21,7.339,3.67,5.505,4.587,7.339,2.752,7.339,6.422,3.67,0.0,8.257,8.257,5.505,0.0,11.009,2.752,8.257,0.917,3.67,2.752
1ORI,5.248,2.915,7.289,7.872,4.665,4.956,6.414,2.915,7.872,3.207,6.997,3.499,1.749,2.915,5.539,4.082,6.414,1.458,8.746,5.248
1IW2,11.538,1.099,4.945,4.396,7.692,6.044,2.198,2.747,2.747,0.549,9.341,0.549,9.341,4.396,5.495,8.242,4.945,1.099,9.341,3.297
1L5B,5.941,3.96,5.941,4.95,6.931,2.97,6.931,0.99,4.95,0.0,7.921,8.911,5.941,0.99,11.881,2.97,9.901,0.99,3.96,2.97
3OJY,5.957,5.235,5.776,7.04,9.928,3.43,4.874,1.625,5.596,1.805,6.679,3.971,5.415,3.069,8.303,5.776,5.235,1.625,3.971,4.693
1RCB,6.202,4.651,7.752,3.101,2.326,4.651,4.651,3.876,9.302,0.775,12.403,4.651,5.426,0.775,6.202,6.977,11.628,0.775,2.326,1.55
1HIK,6.202,4.651,7.752,3.101,2.326,4.651,4.651,3.876,9.302,0.775,12.403,4.651,5.426,0.775,6.202,6.977,11.628,0.775,2.326,1.55
2HYE,5.175,1.93,7.895,4.825,7.193,4.035,6.316,2.456,4.737,2.368,10.877,4.737,4.123,3.596,7.456,4.211,6.14,0.702,8.07,3.158
1KWP,6.5,1.75,7.25,3.75,4.25,3.0,6.25,2.75,7.5,3.5,9.0,3.5,5.25,9.75,5.75,5.25,5.25,1.25,5.0,3.5
2AJ8,4.945,1.511,5.769,5.632,5.495,4.533,6.181,2.747,4.945,1.648,7.143,5.22,4.258,3.846,8.929,4.258,6.593,2.747,6.044,7.555
1QAB,9.449,0.787,8.661,3.937,7.874,3.937,3.937,3.15,6.299,0.787,5.512,2.362,0.787,6.299,8.661,3.15,9.449,1.575,9.449,3.937
2QOS,9.091,0.0,9.091,9.091,0.0,0.0,0.0,0.0,0.0,0.0,18.182,0.0,0.0,0.0,9.091,18.182,9.091,0.0,0.0,18.182
1LPC,8.268,0.394,4.331,5.512,6.693,5.512,5.906,0.0,7.48,1.575,9.449,7.874,5.512,2.362,5.118,5.512,5.906,0.394,7.48,4.724
4J4G,5.941,3.96,5.941,4.95,7.921,2.97,6.931,0.99,4.95,0.0,7.921,8.911,5.941,0.0,11.881,2.97,9.901,0.99,3.96,2.97
3CZZ,9.901,3.96,4.95,4.95,8.911,2.97,6.931,0.99,4.95,0.0,7.921,7.921,4.95,0.0,11.881,1.98,8.911,0.99,3.96,2.97
3EZM,5.941,3.96,5.941,4.95,6.931,2.97,6.931,0.99,4.95,0.0,7.921,8.911,5.941,0.99,11.881,2.97,9.901,0.99,3.96,2.97
4E0S,5.728,1.79,6.504,4.952,5.728,4.236,6.862,1.969,7.1,1.551,9.129,4.535,3.938,4.177,8.174,3.341,6.384,1.014,7.936,4.952
1LPD,8.268,0.394,4.331,5.512,6.693,5.512,5.906,0.0,7.48,1.575,9.449,7.874,5.512,2.362,5.118,5.512,5.906,0.394,7.48,4.724
4FL2,7.075,1.415,7.547,4.245,8.019,2.987,4.088,2.987,7.704,2.987,9.434,4.717,4.403,5.189,5.975,4.874,3.616,1.73,5.66,5.346
4FL3,7.087,1.417,7.559,4.252,7.874,3.307,4.094,2.992,7.717,2.992,9.449,4.724,4.409,5.197,5.984,4.882,3.622,1.732,5.669,5.039
4A5W,5.57,1.392,6.582,5.063,5.633,4.304,6.772,1.962,6.962,1.519,9.114,4.62,3.924,4.304,8.418,3.038,6.519,1.013,8.165,5.127
3QWR,4.575,3.268,7.843,6.863,4.902,2.941,3.922,1.634,8.497,0.654,7.19,2.288,3.595,4.575,11.111,3.922,7.516,3.268,7.516,3.922
2BUC,4.945,1.511,5.769,5.632,5.495,4.533,6.181,2.747,4.945,1.648,7.143,5.22,4.258,3.846,8.929,4.258,6.593,2.747,6.044,7.555
3HRZ,5.901,0.478,4.306,5.582,6.699,4.466,5.901,2.073,6.22,2.073,7.974,5.423,4.306,5.901,6.539,3.668,8.134,0.638,9.569,4.147
2BUA,4.945,1.511,5.769,5.632,5.495,4.533,6.181,2.747,4.945,1.648,7.143,5.22,4.258,3.846,8.929,4.258,6.593,2.747,6.044,7.555
3ELO,6.015,10.526,3.008,7.519,6.015,3.759,4.511,2.256,9.774,0.752,5.263,6.767,3.008,4.511,9.774,2.256,4.511,0.752,2.256,6.767
1CF5,9.639,0.0,4.016,4.819,2.811,5.622,7.229,1.205,6.024,0.0,10.04,6.827,3.614,4.016,7.631,4.819,8.835,0.402,6.426,6.024
1F45,4.575,3.268,7.843,6.863,4.902,2.941,3.922,1.634,8.497,0.654,7.19,2.288,3.595,4.575,11.111,3.922,7.516,3.268,7.516,3.922
2ZOP,17.544,0.0,11.404,3.509,6.14,2.632,0.877,0.877,6.14,1.754,14.035,0.877,6.14,0.877,2.632,11.404,1.754,1.754,6.14,3.509
1F42,4.575,3.268,7.843,6.863,4.902,2.941,3.922,1.634,8.497,0.654,7.19,2.288,3.595,4.575,11.111,3.922,7.516,3.268,7.516,3.922
3S3Z,5.381,3.587,5.83,4.484,10.762,2.691,6.726,3.587,4.484,0.0,7.175,8.072,5.381,0.897,11.659,3.139,8.969,0.897,3.587,2.691
3MX2,6.759,1.56,3.986,7.799,6.932,2.253,5.199,1.386,7.106,3.466,11.785,4.679,4.853,3.293,8.146,5.373,5.893,1.04,6.066,2.426
3MX5,6.759,1.56,3.986,7.799,6.932,2.253,5.199,1.386,7.106,3.466,11.785,4.679,4.853,3.293,8.146,5.373,5.893,1.04,6.066,2.426
1HIJ,6.202,4.651,7.752,3.101,2.326,4.651,4.651,3.876,9.302,0.775,12.403,4.651,6.202,0.775,6.202,6.202,11.628,0.775,2.326,1.55
1ZHQ,11.504,0.0,7.965,1.77,8.85,3.54,6.195,1.77,4.425,1.77,4.425,4.425,7.965,4.425,6.195,0.885,7.08,3.54,10.619,2.655
3DI3,4.545,3.896,7.143,5.844,7.143,5.195,4.545,1.948,12.338,3.896,13.636,6.494,4.545,1.299,5.195,3.896,4.545,0.649,2.597,0.649
1OR8,5.294,2.941,7.059,7.941,4.706,5.0,6.471,2.941,7.941,2.941,7.059,3.529,1.765,2.941,5.588,4.118,6.471,1.471,8.529,5.294
2XWB,4.673,0.467,6.231,4.361,7.165,3.738,5.14,1.558,6.075,1.869,8.723,3.583,5.607,5.763,7.632,4.361,7.477,0.623,11.371,3.583
2XWA,10.965,3.509,3.947,7.018,9.649,0.0,2.632,4.386,2.632,0.877,11.842,2.193,3.509,6.14,6.579,7.456,3.509,1.754,9.649,1.754
2XWJ,4.961,0.465,6.202,4.341,7.132,3.721,5.116,1.55,6.047,1.86,8.682,3.566,5.581,5.891,7.597,4.341,7.442,0.62,11.318,3.566
1ORV,4.945,1.511,5.769,5.632,5.495,4.533,6.181,2.747,4.945,1.648,7.143,5.22,4.258,3.846,8.929,4.258,6.593,2.747,6.044,7.555
1ORW,4.945,1.511,5.769,5.632,5.495,4.533,6.181,2.747,4.945,1.648,7.143,5.22,4.258,3.846,8.929,4.258,6.593,2.747,6.044,7.555
2WQ9,7.471,3.448,5.172,9.77,5.747,5.747,2.299,1.149,5.747,2.299,6.897,4.598,4.598,2.874,5.747,6.897,5.172,2.299,7.471,4.598
2XW9,10.965,3.509,3.947,7.018,9.649,0.0,2.632,4.386,2.632,0.877,11.842,2.193,3.509,6.14,6.14,7.895,3.509,1.754,9.649,1.754
3MWT,6.759,1.56,3.986,7.799,6.932,2.253,5.199,1.386,7.106,3.466,11.785,4.679,4.853,3.293,8.146,5.373,5.893,1.04,6.066,2.426
1DST,10.526,3.509,3.947,7.018,9.649,0.0,2.632,4.386,2.632,0.877,11.842,2.193,3.509,6.14,6.14,7.895,3.07,2.193,9.649,2.193
2B5L,5.175,1.93,7.895,4.825,7.193,4.035,6.316,2.456,4.737,2.368,10.877,4.737,4.123,3.596,7.456,4.211,6.14,0.702,8.07,3.158
3MWP,6.759,1.56,3.986,7.799,6.932,2.253,5.199,1.386,7.106,3.466,11.785,4.679,4.853,3.293,8.146,5.373,5.893,1.04,6.066,2.426
1MRJ,11.336,0.0,4.049,3.644,4.453,3.644,7.692,0.405,4.049,1.619,10.121,7.692,4.049,3.239,10.526,5.263,6.478,0.405,6.073,5.263
1MRK,11.336,0.0,4.049,3.644,4.453,3.644,7.692,0.405,4.049,1.619,10.121,7.692,4.049,3.239,10.526,5.263,6.478,0.405,6.073,5.263
3GXZ,5.941,3.96,5.941,4.95,6.931,2.97,6.931,0.99,4.95,0.0,7.921,8.911,5.941,0.99,11.881,2.97,9.901,0.99,3.96,2.97
3GXY,5.941,3.96,5.941,4.95,6.931,2.97,6.931,0.99,4.95,0.0,7.921,8.911,5.941,0.99,11.881,2.97,9.901,0.99,3.96,2.97
1NY3,6.5,1.75,7.25,3.75,4.25,3.0,6.25,2.75,7.5,3.5,9.0,3.5,5.25,9.75,5.75,5.25,5.25,1.25,5.0,3.5
1RID,1.639,6.967,3.689,4.508,10.656,2.459,6.148,1.23,6.148,1.23,4.508,6.967,2.049,6.967,13.525,3.279,5.738,1.639,4.098,6.557
2OAE,5.616,1.781,5.479,6.027,5.205,4.247,6.027,2.877,5.616,1.781,7.671,4.521,4.521,3.836,8.904,4.11,6.438,2.74,5.753,6.849
1HZI,6.977,4.651,6.977,3.101,2.326,4.651,4.651,3.876,9.302,0.775,12.403,4.651,5.426,0.775,6.202,6.977,11.628,0.775,2.326,1.55
2P0M,6.193,2.266,6.647,4.683,6.798,4.532,4.381,2.266,4.834,2.417,12.991,2.87,5.589,5.74,5.891,5.438,4.079,2.719,6.949,2.719
1QD2,11.336,0.0,4.049,3.644,4.453,3.644,7.692,0.405,4.049,1.619,10.121,7.692,4.049,3.239,10.526,5.263,6.478,0.405,6.073,5.263
4EN2,3.008,0.376,8.271,3.759,6.015,4.887,7.143,2.256,8.271,1.88,7.143,4.887,2.632,5.263,9.398,6.391,3.759,1.88,9.398,3.383
2XVO,3.646,0.521,4.167,5.208,5.729,7.292,8.854,0.0,7.813,2.083,4.688,11.979,4.688,3.646,7.292,2.083,6.771,0.521,9.896,3.125
